peptide_seq,protein_names
KLKFIIPSPKRPV,P04114
GFGDLKSPAGLQVLNDYLADKSYIE,P24534
MQWGQLLDHDLDFTPEPAARASFV,P05164
NVDAVGGEALGRLLVVYPWTQRF,P02042
GADEEAAGALLKKHEAFL,P02549
KGHGKKVADALTNAVAHV,P69905
YDATYETKESKKEDLVFIF,Q9Y281
ASSGASGGKIDNSVLVLIV,O95831
VVAVGAEYYLESLNKDKKHH,O43676
MDVVYALKRQGRTLYGFGG,P62805
GKARGFFKKGDVV,P14618
GNRYKNVKLPDAYERLILDVF,P11413
KDKTYSYLNKLPVK,P61916
SDLELHPPSYPWSHRGLL,P08574
SNIFVIGKGNKPWISLPRGKGIR,P62701
SHGSQETDEEF,P20674
IILEDDLTAQEMSECN,O95696
TINIHKRIHGVGF,P62899
VSPLAARLLYPYLAW,P30536
ESFKVSFLSALEEYTKKLNTQ,P02647
TVPIYEGYALPHAILRLDL,P63261
SKERNGLSLAALKKALAAGGYDV,P16401
AAGAGAAKRKATGPPVSEL,P16401
YVDWIRSTLR,P24158
TRDLASIARLRIAKG,P07996
SNTTAIAEAWARLDHKFDLM,P0DPH7
VHPDYRQDESYNFEG,P00736
YGIFYATSFLDLYRNP,Q92673
LPPLWWYIVTRPRERPM,Q9Y6M9
LVTEVENGGSLGSKKGV,P14618
IKADHVSTYAAFVQTHRPTGEF,P20036
DPFNPFELTNHAVLL,P53634
GLAVHLEVLNAR,Q8N587
LDPDHKYRFTLFGIANKK,P22105
LYFGSAFATPFLVVRHQLLKT,P15954
FLLFPDMEA,P02746
AMNVGKARGFFKKGDVV,P14618
VAVDKGVFVLNKKNKLTQ,P01024
LAGRDLTDYLMKILTERGYSFTTT,P60709
ISDYVFNTASLVYHEE,P18428
FTNAFRYGHTLIQPFM,P05164
TSWYFVSSPFSLDLSK,P0C0L5
TGPKRNLMALARTWWNQF,Q99536
YTVPLVRHMESRIMIPLKISPLQ,Q9BPW8
WVVSNRVPIPWV,O14773
HLIAREAEAAIYHLQLFEE,P14618
KMQRTIVIRRDYLHYIRKY,P62280
SSRAGLQFPVGRVHRLLRKGNY,Q16777
IQPDTIIQVWREDIP,P06865
FTTTAEREIV,P60709
GMVLKPHFHKDWQRRVATWF,P26373
VNWIDSIIQR,P08246
LDSNKIETIPNGYFKSFPNLAF,P51888
MVIEGKKAAQRHETLT,Q96A26
FMQWGQFIDHDLDFSPESPARV,P11678
AHHFGKEFTPPVQAAYQKVV,P68871
IGNSTAIQELFKRISEQFTAM,Q9BVA1
LTQNHHKQYYEGSEIVVAGRIADN,P19827
SLPVVVISNVSQLPSG,P42224
FEDLEPFRMTPFSAI,P27824
VEYPAFLSPDLNVTVGT,Q53TS8
RRYQKSTELLIRKLPFQRL,Q71DI3
RLLVVYPWTQRF,P69892
NLLIFLLNKKF,Q86VI3
NVKVLDFEHFLPMLQT,P60660
FEVPFAPSGLKVRYLKVFEPKLNY,Q96CW1
LERYIYNREEFARF,P04440
WQVKSGTIFDNFLITNDEAY,P27797
ISEPGTWKISARFSDG,P0C0L4
LNSGYEFDEGSIIFNKFRSVI,P36542
RLLLPGELAKHA,Q93079
RPPQFTRAQWF,P12724
RSGKYDLDFKSPDDPS,P06733
LVVYPWTQRFFES,P68871
MKILTERGY,P60709
IHAKRVTIMPKDIQLARRIRGERA,Q6NXT2
LKIRGSLARAALQELLSKGLIK,P62851
AGRFTPGTFTNQIQAAFREPRL,P08865
ALELLNSGYEFDEGSIIFNKFRSV,P36542
VDFESAEDLEKALELTGLKVF,P19338
KARGFFKKGDVVIVL,P14618
EELNKLLGKVTIAQGGVLPNIQAV,Q6FI13
VAIQAVLSLYASGRTTGIV,P63261
ASLSTFQQMWISKQEYDESGPSIV,P0CG38
FTRVSSFLPWIRTTMR,P08311
PTTKTYFPHFD,P69905
LSVLRVLLGGF,Q8NCS4
VLATYGSIALIVLYFKLRSKKTPA,Q96IX5
QVSPLAARLLYPYLAW,P30536
FSYSFSYKHLKHERLRKYH,P56134
ALPHAILRLDLAGRDLTDYL,Q562R1
LYDATYETKESKKEDLVFIF,P23528
TPLGPKWPEPVFGRLASPGFPGEY,O00187
AIRNDEELNKLLGKVTIA,Q6FI13
IVGGHEAQPHSRPYM,P24158
SIINEYLSQSYQKFRRFFQTA,P46940
AVILPPLSPYFKYSVM,O95167
NLNRLISQIVSSITA,P68363
IILYNYRHGGRQGQIIY,P06396
GNPFLTQWQRRYFYLFPNRL,P35626
NVNLLIFLLNKKFYGK,P46940
KVYQEIWIGMGL,P56378
MSSGAHGEEGSARMWKTLTFF,P12074
LNLAFIANLFNRYPALH,P13796
KKEDLVFIFWAPESAPL,Q9Y281
MLTELEKALNSIIDV,P05109
IRRELTERAKDFSLILDD,Q99623
AEIIPQNQKAIASSLKSWNETL,O75947
AGRDLTDYLMKILTERGYSFTTT,P60709
AYDNFGVLGLDL,P27797
RYISKYELDKAFSDRNTL,P01024
RATPENYL,P04440
AAPPKAVLKLEPQWINVLQED,P31994
KTVSGVNGPLVILDHVKFPRY,P21281
VVYPWTQRFF,P02100
SKFRMPQPSSGRESPRH,P56181
KESKKEDLVFIFWAPESAPLKSKMI,Q9Y281
VLAHHFGKEFTPPVQAA,P68871
DLLVFVIPHQFI,Q8N335
VVINPYKNLPIYSEEI,P35579
VIPDISEPGTWKISARFSDGLE,P0C0L4
TGGVKKPHRYRPGTVALREI,Q71DI3
YQLSRSRNITYLPAGQSVLLQLPQ,P35232
DTKSYWKALGISPF,P02766
IINEYLSQSYQKFRRFFQTA,P46940
IELPMDPKLNKRRGFVF,Q99729
NEPVQLTFALRYLNF,P12004
WRLFTKVKPLLQV,P35579
LLFIDNIFRFTQAGSEV,P06576
NQNTFLLTTFANVV,P10153
SGIAEFWINGTPLVKKG,P02743
SGIAEFWINGTPLVKKGL,P02743
AAPPKAVLKLEPQWINVLQEDSVT,P31994
IFWAPESAPLKSK,P23528
PVTPPRLVAPRFLEVETSWPV,P32942
PVPPLPEYGGKVRYGLIPEEF,P24539
NLAFIANLFNRYPA,P13796
QILHLEQL,Q96M63
NIFPYKGYIWNY,Q9H2U2
DVQGPDWHLKMPKVKMPKFSMPGFK,Q09666
SDGYWVVSNRVPIPW,O14773
MGIMNSFVNDIF,Q93079
AIIDPGDSDIIR,P62888
VFIFWAPESAPLKSKMIYA,P23528
AGDDAPRAVF,P68032
LKMFGIDRDAIAQAVRGLITKA,P29401
AAVLEYLTAEI,P20671
SLDKFLASVSTVLTSKYR,P69905
TIRPNPGFSMLDF,Q9HDC9
ETKESKKEDLVFIFWAPESAPLKSK,Q9Y281
TRVALFRDWIDGVLNNPGP,P20160
IVLYFKLRSKKTPA,Q96IX5
WQVKSGTIFDNFLI,P27797
VLVLYDEIKKYT,P05141
HASLDKFLASVSTVLTSKYR,P69905
MFETFNTPAMYVAIQ,P0CG38
LILVIKMGVAAHKK,P05109
AGEASRLAHYNKRSTITSREIQTAV,Q5QNW6
GLQFPVGRVHRLLRKGNY,Q16777
GHGPGEQQKRKIVLDPSGSMN,P00751
KELDHFPLEKRSEVVILF,P22830
TIVIRRDYLHYIRKY,P62280
SEVPFSKRYLKYLTKKYLKKNNL,P35268
MLTELEKALNSIIDVYHKY,P05109
DLFGTTDAVVKHVLEGHDRGVNW,P53621
LNTAFDVAEKYLDIPK,P12814
HSKVILAIRRAKN,Q8IZ69
AISDYVFNTASLVYHE,P18428
SITDGQIFLETELFYKGIRPA,P25705
ARDEGGKAFFKGAWSNVLRGMGGAF,P05141
IHVFRPDISPYFG,Q14108
VLNLQDESFTRGSDSLIKGKK,Q99623
VKVLDFEHFLPMLQT,P60660
PVYRQPPESLKLEAGDKKPDAK,O75489
STAIQELFKRISEQF,Q13509
PEVLPKPRMRGLLARRLRNHMAVAF,P09669
LAFPDTDFPGLIT,Q9UM07
LMWFYVGEIIGKRGIIGYDV,O75964
ISKYELDKAFSDR,P01024
GGKEDLIWELLNQAQEH,P02787
EVGGGRKAIIIFVPVPQLKSFQKI,P62081
TTGATLINEQWLLTTAKNL,P00739
NPRQYKIPDWFLNRQKDV,P62269
KSWITFDLKNKEVS,P01730
GSDSVFSGFLLFPD,P02747
LDRYFHNQEEF,P79483
VPFPRLHFFMPGFAPL,Q9H4B7
GFHEYTEVKTVTVKISQKNS,P00352
KNYRIDTINLFPA,P00450
HIVISWMIAQTV,P05141
EHGIITNWDDMEKIWHHTFYNE,P0CG39
DYPLIPVGKLVLNRNPVNYF,P04040
YTSNIPIILQSALVSNL,P61619
VPDHVVWSLFNTL,P13164
KFHYLPFLPSTEDVYD,P01903
FKTDLRFQSSAVMALQEASEAYL,Q71DI3
FPGKKLVLSSEKTVLTP,P01024
LRIVEPYIAWGYPNLKSV,P18124
HLDATTVLSRAIAELGIYPA,P06576
AAQTSPSPKAGAATGRIVAVIG,P06576
VLLLFPITEKYEVF,P15374
DHPDRLWAWEKFVYLDEK,P56279
GATLINEQWLLTTAKN,P00738
MPKNVVFVIDKSGSMSGR,Q14624
VKEFSHIAFLTIKGAG,P10619
KGYKYSYKVSEMKVRPA,O00602
IVLTGWRPGSGFTNTMRVVPVP,P14618
LTTDEYDGHSTYPSHQYQ,P30043
SAPATGGVKKPHRYRPGTVAL,Q71DI3
ILDPIFKVFDA,P13639
FFKGPWFWRLQPSGQLVSPRPA,Q9NPA2
GAIFFLPDSSKLLSGVL,P33908
ILHDDEVTVTEDKINALIKAAGVNV,P05386
RSRGFAFVYFENVDDA,P62995
GKEDLIWELLNQAQEH,P02787
REYFKITLYGRTKEL,P80188
YPRISVNNVLPVFDN,P07339
IKIIAPPERKYSVWIGGSILA,Q562R1
KVPSVYPLDRLEIELL,P19320
SDLHAHKLRVDPV,P69905
AGRDLTDYLMKILTERGYSFTT,P60709
VLLTMIARVADGLPL,O75396
LRALLLKHSHAGELEALGGVKPA,P02730
KDSLSFEDFLDLLS,Q99828
AGRDLTDYLMKILTERGY,P68032
VVRIPKEQGVLSFWRGNLANV,P05141
KAAYRTSPRLKDKKM,P06396
MQTDNLELKKLVYLYLMNY,Q10567
YNLDPQRPVHFQGPADSFFGY,Q13797
LAPNNLKPVVAEFYGSKEDPQTFY,P02787
LGRLLVVYPWTQRF,P02042
NKLLGKVTIAQGGVLPNIQAV,Q16777
GGQDFNQRLLQYLYKQIYQT,P48723
ARFDSDVGEFRAVTE,P04440
FRKFHYLPFLPSTEDVY,P01903
TLGVEVHPLVFHTNRGPIKFNVWDT,P62826
GGIKEDTEEHHLRDYFEEYGKIDTI,P22626
ISVNPFKQMPYFTDREIDLY,O00160
VVAGVANALAHKYH,P68871
EDGHGPGEQQKRKIVLDPSGSMN,P00751
YFGSAFATPFL,P15954
KLRNWQWWRLFT,P35579
KGTQGKIVDLVKELDRD,P01009
FLNFKRLLEFNQGKLPF,P41250
AAKGYKYSYKVSEMKVRPA,O00602
FMQWGQLLDHDLDFTPEPAARA,P05164
TTTAEREIVRDI,P63261
ISEPGTWKISARFSDGLE,P0C0L4
VRVVLGAHNLSRREPTRQVF,P08246
LKLRHWQWWRVFT,P35580
NPEDGFIKTTKPLDREET,P55287
IVRFPTDQLTPDQERSLM,P05164
FLLPAGWILSHLET,P10176
MVGMGQKDSYVGDEAQSKRGILT,P68133
GAEALERMFLSFPTTKTYFPHFDL,P69905
IKYDPSIGIYGLDF,P62913
MKVEVLPALTDNYMY,Q16775
KVFLENVIRD,P62805
ESKKEDLVFIFWAPESAPL,Q9Y281
MKIKIIAPPERKYSVWIGGSIL,Q562R1
MNSFVNDIFERI,P33778
TGATLINEQWLLTTAKNL,P00739
PFLDIQKRFGLNIDRW,O43920
LQIWRVEKFDLVPV,P06396
KKEDLVFIFWAPESAPLKSKMIY,P23528
ESKKEDLVFIFWAPESAPLKSKMIY,Q9Y281
GPGEQQKRKIVLDPSGSMN,P00751
AYLVGLFEDTNL,P84243
FRKFHYLPFLPSTEDVYD,P01903
MGFIVYKIRAADKRSKALK,P56378
GRDLTDYLMKILTERGYSFTT,P60709
FYNELRVAPEEHPV,A5A3E0
QGKIVDLVKELDRDT,P01009
LLFIDNIFRFT,P06576
IELPMDPKLNKRRGFVFITF,Q99729
VHASLDKFLASVSTVLTSKYR,P69905
RLLLPGELAKHAVSEGTKAVTKYT,P23527
MREWFSETFQKVK,P02654
FGSAFATPFLVVRHQLLKT,P15954
LERMFLSF,P69905
MVPFPRLHFFMPGFAPL,P07437
GHPQYLLDSNSWIE,P0C0L4
NIEKISMLEKIYIHPR,P00734
FNTPAMYVAIQAVLSLYASGRTTG,P60709
WGKVNVDEVGGEALGRLL,P68871
VAIGVALALRKK,Q9BXK5
AMFKVGPEADKYRLTY,P02679
RLKPTRKFAYLGRLAHEVGWKYQAV,P40429
YISKYELDKAFSDRN,P01024
SDIAPVARLLIYAV,P01023
SDQGLYSAPRVWWMFRAFGHHAV,P25325
ALAPSTMKIKIIAPPERKYSV,P60709
KIKIIAPPERKYSV,P63261
YPWTQRFFESF,P68871
LRLDLAGRDLTDYLMKILTERG,P63261
VDIINAKQ,P60174
FVNDIFERIAGEASRL,Q99879
ATSGDGLYEGLDWLSNQLRNQK,P84077
VNPGVVVRISQKGLDY,P17213
IGIIVANVPEGLL,Q13733
IIGGRESRPHSRPYMAYL,P08311
NGPVGVFEWEAFARGTKA,P00558
GFVKEFSHIAFLTIKGAG,P10619
LNNAFEVAEKYLDIPK,O43707
RLWRFDVKAQMVDPR,P14780
KNTGREEFLTAFLQNYQL,Q9Y6R7
TLLDAQSLAQSFFNRL,P49593
GIAEFWINGTPLVKKG,P02743
IDQDGLYEKLKTEL,Q9UHG3
AGQEDYDRLRPLSYPQTDVF,P60953
GLLTIPIIIHPIDRSVDFL,Q9UDX5
GVLGLDLWQVKSGTIF,P27797
YRNYDVMKDFEEMRKAGIFQSVK,P09669
LTDYLMKILTERGYSFTTTAEREIV,P60709
VEGIYKVEIDTKSYWKALGISPF,P02766
DQLYYVKFLSLPE,Q9H3G5
ISWYDNEFGYSNRVVDLMAHMASKE,P04406
ISKYELDKAFSDRNTL,P01024
NWSAAKGYKYSYKVSEMKVRPA,O00602
LTEFQTNLVPYPRIHFPLATYAPV,Q71U36
WIYLIKQHNEDILEYKRRNGLE,O43677
KEDLVFIFWAPESAPL,P23528
FGSLAGLGAYQLSQDPRNVWVF,Q9P0S9
GLFDTAGQEDYDRLRPLSYPQTDVF,P60953
AREESGKPGAHVTVKKLFV,P22626
LSFPTTKTYFPHFDL,P69905
DVHGPDWHLKMPKMKMPKFSVPGFK,Q09666
TAEREIVRDIKEKL,P68133
HDDEVTVTEDKINALIKAAGVNV,P05386
LILDPIFKVFDA,P13639
TEAPLNPKANREKMTQIMF,Q6S8J3
LPVILDIIKGEMS,P07602
DLHAHKLRVDPV,P69905
GDGVTHTVPIYEGYALPHAILRLDL,P63261
GYSNRVVDL,P04406
FRYGHTLIQPFM,P05164
VRALIEWIRRNKF,O75976
LAPKGASGTRED,P10606
VVIAHDVDPIEL,P62424
TKLPNGLVIASLENYSPVSRIGL,P22695
TYETKESKKEDLVF,Q9Y281
FGYYGPLRSVWVARNPPGFAF,P84103
TGLSPGVTYYFKVFAV,P02751
LRVAPEEHPVLL,A5A3E0
VFRRFVEVGRVAYVSFGPHAGKL,P50914
TIVETPPMVVVGIVGY,P39023
IIIMDADLSHHPKFIPEFI,O60762
IGNSTAIQELFKRISEQF,Q9BVA1
FVLDEADEMLSRGFKDQIYDI,P60842
TSREIQTAVRLLLPG,O60814
LRIVEPYIAWGYPNLKSVNELI,P18124
AVDKGVFVLNKKNKLTQS,P01024
MNSFVNDIFERIAGEAS,P58876
FVAWIWDVVRR,Q6UWY2
ITSREIQTAVRLLLPGELA,P23527
ISAPQERLYSTWIGGSIL,P42025
IQELFKRISEQFTAMFRRKA,Q13885
LFRKFHYLPFLPST,P01903
LILVIKMGVAAHKKSHEESHKE,P05109
NREYFKITLYGRTKE,P80188
VGGEALGRLLVVYPWTQRF,P02042
FIVYKIRAADKRSK,P56378
MVPFPRLHFFMPGFA,Q3ZCM7
YKTGKNKWFFQKLRF,P61353
REIVRDIKEKL,P60709
LAVASFPKKQE,P14406
AAHLPAEFTPAVHASLDKFLASVS,P69905
LVVYPWTQRF,P69891
AGKEPGLQIWRVEKFDLVPVPTN,P06396
AAVLEYLTAEIL,Q16777
VEFTRILKHGAKDKDD,P24844
GGSAGNSLTGHNNNF,O00602
VNMVPFPRLHFFMPGFAP,P04350
LGGKAAYRTSPRLKDKKMD,P06396
AKDVKFGADARALMLQGVDL,P10809
FVIGKGNKPWISLPRGKGI,P62701
GRDLTDYLMKILTERGYSFT,P63261
EDLVFIFWAPESAPLKSKM,P23528
FTRVALFRDWIDGVLNNPG,P20160
SLAALKKALAAAGYDVEKNNSRIKL,Q02539
IFVFGFRTHFGGGKTTGF,P62847
GLSWQPPPYTPTPRFRLTFF,Q7Z6Z7
KAAWGKVGAHAGEYGAEALERMF,P69905
AVVLFETATLRSGYLLPDTKAY,P14625
RQSTQTLYVNVAPRDTTV,P19320
ITSREIQTAVRLLLPGEL,Q5QNW6
AVLEYLTAEILEL,P04908
GKLKGPKFKMPEMNIKVPK,Q09666
AYPRISVNNVLPVFDN,P07339
TFIGNSTAIQELFKRISEQFTAM,P04350
KEPGLQIWRVEKFDLVPV,P06396
VYALKRQGRTLYGFGG,P62805
AHHFGKEFTPPVQAAYQKV,P68871
EDHLFRKFHYLPFLPSTEDVYD,P01903
RQVDVPTLTGAFGILAAHVPTL,P30049
PWIRTTMR,P08311
VGAGAPVYLAAVL,Q93077
LAFVCDIRPEIHENYRING,O75348
GAEALERMFLSF,P69905
VHLTPEEKSAVT,P68871
NFEKPFLWLARKLIGDPN,P62826
RLLLPGELAKHAVSEGTK,Q99879
TPWKVLLGLLGAAA,P27487
VLVLYDEIKK,P12235
VFRRFVEVGRVAY,P50914
LIHVFRPDISPYFG,Q14108
VMGNPKVKAHGKKVLGAF,P68871
KYPIEHGIITNWDDMEKIWHHTFYN,P68133
GPPYVSWLIDANHNMQ,P17813
LASYLLKNKAQFEDRN,Q9C005
FYVGEIIGKRGIIGYDV,O75964
HLQLLEEAAK,P33992
SAGIMDHEEARRKHTGGKILGFFF,P62244
WISKQEYDESGPSIVHRKCF,Q9BYX7
GAFQRGYYRYYNKYINVK,P56134
IGIIVANVPEGL,P13637
NVGKARGFFKKGDVVIVL,P14618
AKHAVSEGTKAVTKYTSAK,P57053
IAVTRNPQTARQAHLYRGIF,P14618
AERVGAGAPVYLAAVLEYL,P0C0S8
VMDKYTFELSRRTHLPE,P02774
FDVQLKDLEKWQNNLLPSRQFGF,P62244
VGAHAGEYGAEALERMFLSF,P69905
KLGLAKSIHHARVLIRQRHIRVR,P46781
HTKFWVVDQTHFY,Q8IV08
DLEKWQNNLLPSRQFGFIVL,P62244
HLIAREAEAAIYHLQLF,P14618
NTAFDVAEKYLDIPK,P12814
TRVSSFLPWIRTTMRSF,P08311
YRGAHGIIVVY,P62820
LKIRGSLARAALQELLSKGLIKL,P62851
KDLEKWQNNLLPSRQFGFIVL,P62244
FVALPGVAVSML,P12074
MIGGLFIYNHKGEVLISRVY,Q96CW1
IQHFQAMVKALEKEA,Q06481
SYGLTPRLLKFWKRAGFVPV,Q9H0A0
AHLPAEFTPAVHASLDKFLASVST,P69905
TYETKESKKEDLVFIF,P23528
SDVLELTDDNFESRISDTGSAGLML,P30101
DLTEFQTNLVPYPRIHFPLAT,Q71U36
WQVKSGTIFDNFLITND,P27797
REYFKITLYGRTKE,P80188
DRAKVNVNLLIFLLNKKFYGK,P46940
GVIHYIDELLIPD,Q15582
FSVDLKKSEAVWRLPEFGDF,P06340
RRKHTGGKILGFFF,P62244
LSFPTTKTYFPHFDLSHGSAQV,P69905
GLHFRIPWFQYPI,Q99623
ALQEASEAYLVGLF,Q71DI3
TSREIQTAVRLLLPGEL,P62807
VEPFGVISNHLILNKINEAF,P43243
IAYQLSRSRNITYLPAGQSVL,P35232
YVGKKQLVEIEKVVLHPN,P00738
LTDYLMKILTERGYSFTTT,P63261
FILPDSLPLDTL,P62314
MKIKIIAPPERKYSVWIGGSILA,P68133
APPWVPAMGF,P30536
AAFFTRAFDQIRMAA,P29401
KTDLRFQSAAIGALQEASEAYL,P84243
LTADNISHGLLLKKSPVLQYLYYL,Q01432
LQEASEAYLVGLF,P84243
GAIIVLTKSGRSAHQVA,P14618
ALAPSTMKIKIIAPPERKYSVW,P68133
NVDEVGGEALGRLLVVYPWTQRF,P68871
ATVEGNFASIDERMKKLGK,Q13561
SQIRELREKSEKFAFQAEVNRM,P14625
VPSVYPLDRLEI,P19320
DLAGRDLTDYLMKILTERGYSFTTT,P63261
RYRGQYNTYPIKLFYTSNIPIIL,P61619
RQKAEADKNDKSVKDLVILLYETAL,P07900
GGEALGRLLVVYPWTQRFF,P02100
KELDINTDGAVNFQEFL,P05109
LAFPDTDFPGL,Q9UM07
WQVKSGTIFDNFL,P27797
KAAWGKVGAHAGEYGAEALERM,P69905
YDNFGVLGLDL,P27797
APIKVGDAIPAVEVFEGEPGNKVNL,P30044
VSLQQSGELLTRLKQIGALQ,P35754
VDYIIFGTVIQEV,P55084
FDLSHGSAQVKGHGKKVADAL,P69905
FDFWRYFKYT,Q96SK2
FEEMRKAGIFQSVK,P09669
KVPSVYPLDRLEI,P19320
ALKRQGRTLYGFGG,P62805
DLTEFQTNLVPYPRIHFPLATYA,P68366
LATSGTLAGIMGMRFYHSGKFMPA,Q9P0S9
NVGKARGFFKKGDVVIVLT,P14618
ADYNLLDLLLIHEV,P09211
TRVSSFLPWIR,P08311
GRLLVVYPWTQR,P02100
MREWFSETFQKVKEKLK,P02654
LAEFAFSLYRQLAHQ,P01009
TITSREIQTAVRLLLPGEL,P58876
TALAPSTMKIKIIAPPERKYSVW,P62736
TGPKRNLMALARTWWNQFS,Q99536
GGRIFLQDIKKPDC,P02794
FFKGFKWGFAAF,O43676
KLGELPSWIL,P56134
GGEALGRLLVVYPWTQ,P68871
TRVALFRDWIDGVLNNPG,P20160
RDNGKHALIIYDDLSKQAV,P25705
EVGGEALGRLLVVYPWTQRFFES,P68871
VKVGAIQRWLKGQGV,P30040
RNWQWWRLFTKVKPL,P35579
IVLDSGDGVTHNVPIYEGYALPHAI,P68032
IVYKIRAADKRSKALKA,P56378
EPAVYFKEQFLDGDGW,P27797
SDHSFFKISYLTLLPS,P01909
DLWQVKSGTIFDNF,P27797
VYPWTQRFFESFGDLSTPDAV,P68871
SNKIGRFVIEEVPGELMQEDLATDD,P06396
EREIVRDIKEKL,P0CG38
EGGTFKLELFLPEEYP,P61088
NLLIFLLNKKFYGK,P46940
FRDWIDGVL,P20160
KLKPGLEKDFLPLYFGWF,P09543
SDGYWVVSNRVPIPWV,O14773
TVGGTAYAIYELAVASFPKKQE,P14406
GFAGDDAPRAVFPSIVGRPRHQGV,P60709
INEQWLLTTAK,P00739
LELRRVFTKGTVL,P02730
AVHLEILNGR,Q6V9R5
KDLDEDELLGNLSETELKQLETVL,Q9NYL9
FVVEAIGDDVGTLGF,P21333
FVYPLDFART,P05141
KIKIIAPPERKYSVWIGGSIL,P60709
EPEDQLYYVKFLSLPEVRQAI,Q9H3G5
GGKAAYRTSPRLKDKKMD,P06396
DLGIKYDPSIGIYGLDF,P62913
VLKQVHPDTGISSKAMGIMNSFVND,P57053
SNEIVRFPTDQLTPDQERSLMF,P05164
FEVILIDPFHKAI,P61313
GDGVTHTVPIYEGY,P60709
FESFGDLSTPDAV,P68871
ILRLDLAGRDLTDYL,P60709
LELLNSGYEFDEGSIIFNKFRSV,P36542
WSNVLRGMGGAF,P12235
MSFVPIPGTKKFLLL,Q9Y2J8
TRFVKWPRYIRLQRQRA,P62424
GGFMTTAFQYIIDNK,P25774
SYLSSHIANVERVPFDAA,P06396
FRDWIDGVLNNPGP,P20160
QLKDLEKWQNNLLPSRQFGF,P62244
YISKYELDKAFSDRNTL,P01024
RRKPFTFKWWHMVP,Q9Y2J8
VRYRVFALDQKMRPST,P0C0L5
GVLGLDLWQVKSGTIFDN,P27797
VLRGMGGAFVLVLYDEIKKYT,P05141
FLLGFTLGNVVGMY,E0CX11
LKFIIPSPKRPVK,P04114
KLRNWQWWRLFTKVKPL,P35579
FKTDLRFQSAAIGALQEASEAY,P84243
LELDTIKNLVKKYSQF,P14625
LPVTPPRLVAPRFLEVETS,P32942
VTLAAHLPAEFTPAV,P69905
TVNQSLLSPLVL,P05787
GMGQKDSYVGDEAQSKRGILTL,P68133
ADKQLSFEEFIML,P06702
RLSNIFVIGKGNKPWISLPRGKGI,P62701
FDTASTGKTFPGFFSPMLGEF,P02671
SLDVYRKLIELNY,Q9Y394
IVLIAYLVGRKRSHAGYQ,P11279
KHAVSEGTKAVTKYTSSK,Q16778
GKAAYRTSPRLKDKKMD,P06396
ISKYELDKAFSDRNT,P01024
FDMINRFIYGKGWDPYVG,Q9H3G5
KEEISKRFKSHTDQLVLIF,Q9UMX0
FGYSNRVVDLMAHMASKE,P04406
KDLEKWQNNLLPSRQFGFIVLTT,P62244
SGIAEFWINGTPLVK,P02743
LTMFGEKLNGTDPEDVIRNAF,O14950
KDITRRLKSIKNIQKI,P36542
AAKGYKYSYKVSEMK,O00602
TRVSSFLPWIRTT,P08311
VTLDGGFIYEAGLAPYKLRPVA,P02788
AEGLHFRIPWFQYP,Q99623
RFVKWPRYIRLQRQRA,P62424
TQNHHKQYYEGSEIVVAGRIADN,P19827
VLEFHFEPNEYF,P55209
VYPWTQRF,P68871
VLEYLTAEILEL,Q99878
PWIRTTMRSF,P08311
YRFLPQKIIYL,Q9UL46
APELLFFAKRYKAA,P02768
FTKVKPLLQVSRQEEEM,P35579
REITENLMATGDLDQDGRISFDEF,P13796
GLQKPSWHPPHWVLGPVWGTLY,P30536
RFVKWPRYIRLQRQRAI,P62424
SHYEEGPGKNLPFSVENKWSL,P15954
VTLAAHLPAEFTPAVHASLDKFLA,P69905
KVVAGVANALAHKYH,P02042
GMGQKDSYVGDEAQSKRGILT,P63261
FRWLVLRINKALDKTKRQGA,P35579
FSLPIKESEIIDF,P15880
LAVNMVPFPRLHFFMPGFAPLT,P07437
DATYETKESKKEDLVF,Q9Y281
FRVVPQFVVFY,O14949
RQVDVPTLTGAFGIL,P30049
EGHPQYLLDSNSWIE,P0C0L5
LAFPDTDFPGLITLT,Q9UM07
EKGDVAFVKHQTVPQ,P02787
MGFIVYKIRAADKRS,P56378
WGKVNVDEVGGEALGRLLVVYPWTQ,P68871
KIRGSLARAALQELLSKGLIKLV,P62851
WAPESAPLKSKMIY,Q9Y281
GILHFIDRVLLPPE,Q9NY15
DGDEIFHVDMAKKETVWR,P01903
RLLLPGELAKHAVSEGTKAVTK,P62807
TGKEDAANNYARGHYTIGKEIID,Q71U36
SLAALKKALAAAGYDVEKNNSRIK,Q02539
GKARGFFKKGDVVIVL,P14618
NVQGPDWHLKMPKMKMPKFSMPGFK,Q09666
TVVKQGFEPPSFVGWFLG,P06396
GRLLVVYPWTQRFF,P02100
LLLPISPFML,P03891
WQVKSGTIFDNF,P27797
GLAVHLEILNGR,Q6V9R5
GGVKVERQVFGEATKQPGITF,P07339
RYFPTQALNF,P05141
RQEPSQGTTTFAVTSILRVAAEDW,P01876
WGKVNVDEVGGEALGRLLVVYPWT,P68871
LMKILTERGYSFTTTAEREIV,P63261
VPSVYPLDRLEIEL,P19320
SGKYDLDFKSPDDPS,P06733
AALSALRQLVKDRLGGRSGGY,Q15084
NMVPFPRLHFFMPGFAPLTSRGSQQ,Q9BVA1
LDLTVQQIEHLNKTYNTDVPLVL,Q16851
GTQGKIVDLVKELDR,P01009
ANAHRKPLVIIAEDV,P10809
LLVVYPWTQRF,P02100
VGKKQLVEIEKVVL,P00738
VAVDKGVFVLNKKNKLTQS,P01024
FVNDIFERI,Q99880
ESKKEDLVFIFWAPESAPLKS,Q9Y281
DNLRAALSPLADLHALVL,Q6B0K9
DLAGRDLTDYLMKILTERGYS,P63267
RGHYKGQQIGKVVQVYRKKYVIY,P61254
LPGELAKHAVSEGTKAVTKYTSSK,P33778
RYISKYELDKAFSDRN,P01024
YEDGFSLPYGWTPGVKRNGFPVAL,P05164
AHHFGKEFTPPVQAA,P68871
GIQYLRDYLHLPPEIVPA,P46783
GLRHFWGLRV,P62269
ILTVGGTAYAIYELAVASFPKKQE,P14406
GLFIYFRNQKGHSGLQPT,P01911
AKHAVSEGTKAVTKYTSSK,Q99880
SRLAHYNKRSTI,O60814
IVGGRRARPHAWPFMVSL,P08246
RASDPLLSVLMWGVNHSINE,P48426
ILNPIYSITTDVL,P14866
PAYHSSLMDPDTKLIGNMAL,O15145
GAEALERMF,P69905
NGHNAEVRKALSRQEMQEV,P22626
GHYLGEFSITYKPVKHGRPGIGATH,P62841
VLLKEYRVILPVSVDEYQVGQL,Q00169
FQLPSSQISMVPNVGLKF,P17213
RLSGEARKQVEVFRQNLFQEAEE,Q9UL46
PELAVQKVVVHPLVL,P51665
DLTEFQTNLVPYPRIHFPL,Q6PEY2
FKRISEQFTAMFRRKA,Q9BVA1
GIQEHIDLGIKYDPSIGIYGLDF,P62913
TGATLINEQWLLTTAK,P00739
LSFPTTKTYFPHF,P69905
GEEGYIRMARNKG,P25774
VTLAAHLPAEFTPAVHASLDKFL,P69905
FETFNVPALFI,P42025
KAVLTIDEKGTEAA,P01009
RRFQSVPAQPGQTSPLLQYFGIL,Q00610
WQVKSGTIFDNFLITNDEA,P27797
TVSGVNGPLVILDHVKFPRYA,P21281
GAYKYIQELWRKKQSDVMRF,P61313
GVFVLNKKNKLTQ,P01024
KESKKEDLVFIFWAPESAPLKSKM,Q9Y281
KYDPSIGIYGLDF,P62913
SAAKGYKYSYKVSEMKVRPA,O00602
KVVLELERFLPQPFT,Q02083
AGNAARDNKKTRIIPRHL,P16104
FAGGDAGDAFDGFDF,P02679
KGVFVLNKKNKLT,P01024
HKSEVAHRFKDLGEENFKALVL,P02768
MKLIINSLYKNKEIFL,P14625
SGEVVLSRKVLLDG,P01024
VVYALKRQGRTLY,P62805
VLSPADKTNVKAAWGKVGAHAGEYG,P69905
GGARAGLGLLLGTAAGLGF,Q96TC7
LTEAPLNPKANREKM,P62736
SHGSAQVKGHGKKVADALTNAVAHV,P69905
AHESVVKSED,P13073
RGRQDPASYAPDAKPSDLQ,Q15049
TGGKILGFFF,P62244
AKMREWFSETFQKVK,P02654
IQHFQAMVKALEKEAA,Q06481
LRVAPEEHPTL,P62736
MREWFSETFQKVKE,P02654
APRAVFPSIVGRPRHQGV,P62736
LQEASEAYLVGL,Q6NXT2
GLTPRLLKFWKRAGFVP,Q9H0A0
IAEDVDGEALSTLVLNRLKVGLQVV,P10809
LVVYPWTQRFFESFG,P02042
VMGNPKVKAHGKKVLG,P68871
KLRNWQWWRLFTKVKP,P35749
GIQGSDSVFSGFLLFPD,P02747
IVTNWDDMEKIWHHTFY,P63261
KVPSVYPLDRLEIEL,P19320
TPAAPPKAVLKLEPQWINVLQEDS,P31994
AEQFLRGSDYAIRLAAQSTLSF,P01266
DAVGGEALGRLLVVYPWTQRF,P02042
TRVALFRDWIDGVLNNPGPG,P20160
RGSLARAALQELLSKGLIKLV,P62851
VNMVPFPRLHFFMPGFAPLTS,Q9BVA1
SGAIIVLTKSGRSAHQVA,P14618
YLERGGDPSKEPERVVHYEI,O95169
SDVLELTDDNFESRISDTGSAGLM,P30101
DGHGPGEQQKRKIVLDPSGSMN,P00751
WGKVNVDEVGGEALGRLLVVYPW,P68871
SHYEEGPGKNLPFSVENKW,P15954
LPKPPKPVSKMRMATPLLMQALP,P04233
RNIFLQYASTEVDGE,O75746
AVNMVPFPRLHFFMPGFAP,Q9BVA1
VLLESEQFLTEL,P37108
MKILTERGYSFTT,P60709
DKYTFELSRRTHLPEV,P02774
TGPKRNLMALARTWWNQFSV,Q99536
KEPGLQIWRVEKFDLVPVP,P06396
AVNMVPFPRLHFFMPGFAPLT,P68371
FVLVLYDEIKKYT,P05141
RKKGADVWFKELDINTDGAVNFQEF,P05109
MQWGQLLDHDLDFTPEPAAR,P05164
LFRKFHYLPFLPSTEDVYD,P01903
LRLDLAGRDLTDYL,P63261
FLLGFTLGNVVG,E0CX11
SNIFVIGKGNKPWISLPRGKGIRL,P62701
TRVSSFLPWIRTTMR,P08311
ADLHALVLRVDPANFPLL,Q6B0K9
GAWQKFTASAGIQV,P06733
DGRVVEPKRAV,Q32P51
AEREIVRDIKEKL,P63261
LAIIDPGDSDII,P62888
KEDLIWELLNQAQ,P02787
VKRQFMNKSLSGPGQ,O15145
GSYLVWKELGGFTEKAVVPL,P30536
GPVGVFEWEAFARG,P00558
VTLAAHLPAEFTPAVHASL,P69905
SDGLAHLDNLKGT,P02042
FTRVALYVDWIRSTLRR,P24158
IMNSFVNDIFERIASE,Q8N257
MKILTERGYSFTTTAEREIV,P60709
KEDLIWELLNQAQEH,P02787
TTTAEREIV,Q562R1
WYDNEFGYSNRVVDL,P04406
IRYFPTQALNF,P12236
EKGTQGKIVDLVKELDRDTV,P01009
FGYYGPLRSVWVARNPPGFAFV,P84103
IPVGKLVLNRNPVNYFA,P04040
SSGAHGEEGSARMWKTLTF,P12074
FGAFQRGYYRYYNKYINVK,P56134
FRKFHYLPFLPSTED,P01903
SDGYWVVSNRVPIPWVS,O14773
TKDGVREVFEM,P61586
NQHYQVNFKGKLIMRF,P07814
RLFPDFFTRVAL,P24158
LEAGLARVLFYPTLL,Q8WUK0
DPASAKIEGNLIFDPNNYLPK,P04114
KGVFVLNKKNK,P01024
FPHFDLSHGSAQVKGHGKKVA,P69905
VGWFLGWDDDY,P06396
EKIWHHTFYNELRVAPEEHPV,A5A3E0
KEDLVFIFWAPESAPLKSKMIYA,Q9Y281
NQFREFKLSKVWRDQHFV,P02786
GNSTAIQELFKRISEQFTAMFRRKA,P07437
WGKVGAHAGEYGAEALERM,P69905
VVYPWTQRF,P02100
GKVGAHAGEYGAEALERMF,P69905
VHLTPEEKSAV,P68871
AAPAPTARNKLTSEARGRIPV,P41218
FPTSTSLSPFYLRPPSF,P02511
HKAVLTIDEKGTEAA,P01009
MQWGQFIDHDLDFSPESPARV,P11678
GPVGVFEWEAFARGTKAL,P00558
KVPSVYPLDRLEIE,P19320
MNSFVNDIFERIAGEA,P58876
MNVKVLDFEHFLPMLQT,P60660
LERMFLSFPTTKTYFPHFDL,P69905
VSMLNVYLKSHHGEHERPEF,P12074
LNMGGPETLGDVHDFLLRL,P22830
FEIVFEDPKIPGEKQFAYQNSW,P07814
ATLINEQWLLTTAK,P00739
LTVGGTAYAIYELAVASFPKKQE,P14406
FSETGAGKHVPRAVFV,P0DPH7
AGDDAPRAVFPSIVGRPRHQGV,P60709
ISWYDNEFGYSNRVVDLMAH,P04406
VDKGVFVLNKKNKL,P01024
AGEASRLAHYNKRST,P33778
DLAGRDLTDYLMKILTERG,P62736
ALGGKAAYRTSPRLKDKKMDAHPP,P06396
IEGNLIFDPNNYLP,P04114
YPRISVNNVLPVFDNL,P07339
ALGMSGRWVLAWYRARRAV,Q13724
DLEPTVIDEVRTGTYRQLFHPEQLI,P68363
KKQLVEIEKVVL,P00738
VAHVDDMPNALSALSDL,P69905
LRGMGGAFVLVLYDEIKKYT,P05141
SAVTALWGKVNVDEVGGEALGRL,P68871
GERAELATEEFLPVTPI,Q13200
RDLTDYLMKILTERGYSFTT,P63261
VLRGMGGAFVLVLYDEIKK,P12235
NLTQKRLDVYLQEFELL,Q2M389
MVPPVQVSPLIKLGRYSAL,P56385
VQVLKRGLQQITGHGGLRGY,Q9UI09
TGATLINEQWLL,P00739
LAGRDLTDYLMKILTERGYSFTT,P60709
MSFVPIPGTKKFLLLMAST,Q9Y2J8
LAAVLEYLTAE,P20671
SDGLAHLDNLKGTF,P68871
GPGEQQKRKIVLDPSGSMNIY,P00751
VLSPADKTNVKAA,P69905
RNWQWWRLFTKVKP,P35749
RFNVLKVTKAAGTKKQFQKF,P62280
VGIEWNLSPVGRVTPKEWRNQ,P24311
LFRASDPLLSVL,P48426
IQPDTIIQVWREDIPVN,P06865
AGKLKFIIPSPKRPV,P04114
PGIVELPTLEELKVDE,P51970
GFTLGNVVGMYLAQNYDIPNLAKK,E0CX11
ESKKEDLVFIFWAPESAPLK,Q9Y281
LIVLYFKLRSKKTPAV,Q96IX5
MQWGQFIDHDLDFSPESPAR,P11678
GVLGLDLWQVKSGTIFD,P27797
AVLSKEYGFVLLTGAAS,O14880
FNLDTREDNVIRKYGDPGSLFGFSL,P23229
AINDPFIDLNY,P04406
GSIALIVLYFKLRSKKTPAVKAT,Q96IX5
GPPYVSWLIDANHNM,P17813
AEFAFSLYRQLAHQ,P01009
MVPFPRLHFFMPGFAPLTSRGSQQY,Q9BVA1
ASRLAHYNKRSTI,P23527
KLTPEEEEI,P62241
VGAGAPVYLAAVLEY,Q96KK5
APPWVPAMGFTLA,P30536
TLKLPVTINKFFQPTEM,O95782
YLVGLFEDTNL,P68431
VATGSWDSFLKIWN,P62873
EAFEILDKLLDGDLT,Q9H3G5
SVARTLLVFEVQQPFL,P05155
ADALLIIPKVLAQNS,P40227
KEPGLQIWRVEKFDLVPVPTN,P06396
EKGTQGKIVDLVKELDRD,P01009
GPVGVFEWEAFARGT,P00558
LDIGWQLLRIFPKEMLKRIPQST,P21281
KGTQGKIVDLVKELDR,P01009
IAPPERKYSVWIGGSIL,P60709
AFEILDKLLDGDLT,Q9H3G5
MREWFSETFQKVKEKLKIDS,P02654
FADALLIIPKVLAQNS,P40227
FPIRPHYFWP,P42704
SLLIRRELTERAKDFSLILDD,Q99623
ALPHAILRLDL,P60709
VLATYGSIALIVLYFKLRSKKTPAV,Q96IX5
FAISDYVFNTASLVYHE,P18428
GWFLGWDDDY,P06396
EVILPVPAFNV,P06733
GTGASGSFKLNKKAASGEAKPKAK,P16401
DINTDGAVNFQEFL,P05109
FLSFPTTKTYFPHFDL,P69905
VDKGVFVLNKKNKLTQ,P01024
GTGASGSFKLNKKAASGEAKPKVK,P16403
IQELFKRISEQF,P04350
ASKERNGLSLAALKK,P16401
AVNGILHFIDRVLLPPE,Q9NY15
VHLTPEEKSAVTALWGKVNV,P68871
KGDVAFVKHQTVPQN,P02787
ANSPQTLLAGMNKFLSQL,P61221
ILPVPAFNVINGGSHAGNKLAMQEF,P06733
ALVNYIFFKGKWERPFEV,P01009
VTVLAIHFGKEFTPEV,P69891
NVDFAFSLYKQLVLK,P01011
AAHLPAEFTPAVHASLDKFLASV,P69905
AIHHPWIRRPFFPFHSPSRL,P02511
KLKFIIPSPKRPVK,P04114
IVETPPMVVVGIVG,P39023
VKVLDFEHFLPM,P60660
QNTFLLTTFANVVN,P10153
GKEDLIWELLNQAQEHFG,P02787
GDEEKDKGLQTSQDARF,P27797
KKEDLVFIFWAPESAPLKS,P23528
VVRHQLLKT,P15954
SRRFLVHDSF,P98160
ALERMFLSFPTTKTYFPHFDL,P69905
TETQEKNPLPSKETIEQEKQAGES,P62328
AKSVSFSDVFFKGFKWGF,O43676
DEDFDSKLSFREFLL,Q96C19
NEDNGIIKAFRNIPGITL,P36578
KMREWFSETFQKVKEKL,P02654
ALQEASEAYLVGL,P84243
FIESSFWNF,Q9Y285
EKWQNNLLPSRQFGFIVLTT,P62244
LRLFTVYPSTKVYFPHL,Q6B0K9
PSIGIYGLDF,P62913
LVVYPWTQRFFE,P68871
SDGLAHLDNLKGTFA,P68871
AYPRISVNNVLPVFDNL,P07339
VLAHHFGKEFTPPVQAAYQKVV,P68871
ELPMDPKLNKRRGFVF,Q99729
KLIGEYGLRNKREVWRVKF,P46781
AMGIMNSFVNDIF,P58876
NQNVVWSKFETIF,Q9NZK5
ASLDKFLASVSTVL,P69905
VAVWVINIGHFA,Q93084
ISKYELDKAFSDRN,P01024
GHPQYLLDSNSWIEE,P0C0L5
YDGSEIVVAGRLVDEDMNSFKADV,Q06033
LMNEYRVPELNVQNGVLKSLSFL,O75533
EHGIITNWDDMEKIWHHTFY,P68032
GVEQDVDMVFASF,P14618
MLMPKKNRIAIYELLF,P46783
GGKEDLIWELLNQAQEHFG,P02787
LNFKRLLEFNQGKLPF,P41250
LVEKGDVAFVKHQTVPQN,P02787
PREDRATWKSNYFLKIIQLL,Q8NHW5
EDGHGPGEQQKRKIVLDPSGSMNIY,P00751
VAVDKGVFVLNKKNKLTQSKIWDV,P01024
VFRRFVEVGRVAYVSFGPHAGKLVA,P50914
TGGVKKPHRYRPGTVA,P84243
VEKGDVAFVKHQTVPQNTGGKNPD,P02787
ASKERNGLSLAALKKALAAGGYDV,P16401
AGRDLTDYLMKILTERG,P63267
NVKVLDFEHFLPM,P60660
VNGILHFIDRVLLPPE,Q9NY15
SKSWITFDLKNKEVSVK,P01730
GFGDLKSPAGLQVLND,P24534
FAKPRNQGGYGGSSSSSSYGSGRRF,P09651
DPELPDKNMFTINRNTGVISVVT,P12830
FVTFLLPAGWILSHLETYRRPE,P10176
NEAWAKDLKLADFAL,P02788
EIITDRQSGKKRGFGFVT,P22626
WSLRPESLHQVSFL,P04040
NVKVLDFEHFLPMLQ,P60660
KGGKIGLFGGAGVGKTVL,P06576
LPVVVISNVSQLPS,P42224
VDKGVFVLNKKNKLT,P01024
SRVPPRIDSGLYLGSGYF,P02788
KGSEMVVAGKLQDRGPDVL,Q14624
RLLLPGELAKH,Q96A08
SHQKRTPDFHDKYGNAVLASGATFC,P24311
MNSFVNDIFERIAG,P23527
GATLINEQWLLTTAKNL,P00739
FIIVSFGKKS,Q6PIU2
NQNTFLLTTFANVVNV,P10153
GPVGVFEWEAFARGTK,P00558
ALTNGIYPHKLVF,Q02878
GSIALIVLYFKLRSKKTPAVK,Q96IX5
GEYGAEALERMF,P69905
HARDFHINLFQVLPW,P00751
TSEVPFSKRYLKYLTKKYLK,P35268
FALRYLNFFTKATPL,P12004
GEFGEIEAIELPMDPKLNKRRGFVF,Q99729
TQGKIVDLVKELDR,P01009
EKGTQGKIVDLVKELDR,P01009
AMNVGKARGFFKKGDVVIVLT,P14618
EAFEILDKLLDG,Q9H3G5
LEPSANMPWFKGWKVTRK,Q5VTE0
YSLSGPDPSTAILHFRLFV,P10620
ANKTPKISQLYKQASGTMVYGLF,P41218
KKLTIFKTELRVRESDEE,P04114
MDKYTFELSRRTHLPE,P02774
SVIKVPMMNSKKYPV,P05155
LVFHSFGGGTGSGFTSLL,P68366
DLPAVSEKDIQDLKFGVEQDVDMVF,P14618
LSSGFSLEDPQTHANRIYRMI,P07900
KTTPDVIFVFGFRTHFGGGKTTGF,P62847
TGENYRGNVAVTVSGHT,P00747
IHGMKHATGNYIIIMDA,O60762
IFWAPESAPL,P23528
DVVYALKRQGRTLYGFGG,P62805
AGVANALAHKYH,P02042
ALKRQGRTLY,P62805
SFAKDFLAGGIAAAI,P12236
EPSQGTTTFAVTSILRVAAED,P01876
LKRQGRTLYGFGG,P62805
PEVLPKPRMRGLLARRLRNHMAVA,P09669
ALGRLLVVYPWTQRFF,P02042
KMREWFSETFQKVK,P02654
KYPIEHGIITNWDDMEKIWHHTFY,P68032
YVGEIIGKRGIIGYDV,O75964
IVGGRRARPHAWPFM,P08246
FQLVDLSRRFLVHDSF,P98160
KKEDLVFIFWAPESAPLKSKMIYA,Q9Y281
LFIDNIFRFT,P06576
TFWKWISLNT,Q00610
EPGTWKISARFSDG,P0C0L5
TKESKKEDLVFIFWAPESAPL,P23528
GGEALGRLLVVYPWTQRF,P02042
AHLDATTVLSRAIAELGIYPA,P06576
MFETFNTPAMY,Q6S8J3
FAISDYVFNTASLVYHEEG,P18428
SDVFFKGFKWGF,O43676
GLEELYGLALRF,Q9H3P7
SSVPGVRLLQDSVDF,P08670
ALAPSTMKIKIIAPPERKYSVWI,P60709
LVGLFEDTNL,P84243
EENLGENGAWGRPHLSHLTFWSL,P02730
VDLTQVMDDEVF,P10620
AISDYVFNTASLVYHEE,P18428
WSVDPLDRA,P06396
FLILVIKMGVAAHKKSHEESHKE,P05109
VAIQAVLSLYASGRTTG,P68032
LGLAVTAMKSRP,Q9BW72
LRNWQWWRLFTKVKPL,P35749
ESKKEDLVFIFWAPESAPLKSKM,P23528
SVIKVPMMNSKKYPVA,P05155
GDVVIVLTGWRPGSGFTNT,P14618
TSREIQTAVRLLLPGELAKHAV,P58876
YERNIEKISMLEKIYIHPR,P00734
GLQDSLLSRFDLLF,P25205
AAVLEYLTAEILEL,Q9BTM1
ALSKAFKVKPFVVRDAVVYPIL,Q9Y4L1
PTIVEREPWDGRDGELPVEDDIDL,Q15084
RGYWGGPAFLRKLFHLGMS,Q9Y6N5
GDGVTHTVPIYEGYALPHAILRL,P63261
SAPATGGVKKPHRYRPGTVA,Q71DI3
VDKGVFVLNKKNKLTQSKIWDV,P01024
EPAVYFKEQFLDGDGWTSRWI,P27797
WGKVNVDEVGGEALGRLLV,P68871
GPVGVFEWEAF,P00558
VHLTPEEKSAVTAL,P68871
SEGTKAVTKYTSSK,P33778
DEVGGEALGRLLVVYPWTQR,P68871
TVEPVPEGAQLSFGNF,P98160
TSREIQTAVRLLLPGE,P33778
NWQWWRLF,P35749
KGDVAFVKHQTVPQNT,P02787
NVKVLDFEHFLPML,P60660
QLTFALRYLNFFT,P12004
FKTDLRFQSSAVMALQEASEAY,Q71DI3
LYRFLPQKIIYL,Q9UL46
EAWAKDLKLADFAL,P02788
IEFTRILKHGAKDKDD,O14950
KGSEMVVAGKLQDRGPDVLTA,Q14624
GGLSPDTPEEKIREYFGGF,Q14103
RLDLAGRDLTDYLMKILTERGY,P60709
FTRDLASIARLRIAKG,P07996
KVPMMNSKKYPVA,P05155
SSGSWRDRPFKPYNF,Q9Y285
GKARGFFKKGDVVIVLTGWRPGSGF,P14618
GATLINEQWLLT,P00739
GGFMTTAFQYIIDN,P25774
GKSSGVPPEVFTRVSSFL,P08311
GGEALGRLLVVYPWTQRFFESF,P68871
KGVFVLNKKNKLTQS,P01024
MVPFPRLHFFMPGFAPLTS,Q9BUF5
STQTLYVNVAPRDTTV,P19320
GAAEQIKHILANFKNYQFF,P13693
VPPVQVSPLIKLGRYSALFLGVAY,P56385
QEFLILVIKMGVAAHKKSHEESHKE,P05109
AWRGFHWRQKFLRV,O00159
LSFPTTKTYFPHFDLS,P69905
FAFSLYRQLAHQS,P01009
MDMSPLRPQNYLF,P06748
LASVSTVLTSKYR,P69905
PSQMEHAMETMM,P60903
GHGPGEQQKRKIVLDPSGSMNIY,P00751
IQHFQAMVKALEK,Q06481
QLTFALRYLNFFTKATPLSSTV,P12004
KIPKFKKPKFGFGAKSPK,Q09666
IPVKSDIAPVARLLIYAV,P01023
NGINWSAAKGYKYSYKVSEMKVRPA,O00602
ILTTRSYPQLRRVFQKYT,P04083
GVDRYISKYELDKAFSDRNT,P01024
ELQWPVPDIYLRDLKVEDIPLA,P04114
VPFPRLHFFMPGFAP,Q9H4B7
LPSQAFEYILYNKGI,P09668
VDEVGGEALGRLLVVYPWTQRF,P68871
TALAPSTMKIKIIAPPERKYSV,P63261
GQLLDHDLDFTPEPAAR,P05164
FEVPFAPSGLKVRYLKVFEPK,Q96CW1
IVRFPTDQLTPDQERSLMFMQW,P05164
NMVPFPRLHFFMPGFAP,A6NNZ2
TKSPIIFIGTGEHIDDFEPF,P61011
TGATLINEQWLLTT,P00739
TRVALYVDWIRSTLRR,P24158
SLEKSYELPDGQVI,P60709
FRRKAFLHWYT,P07437
GKEFKRIVQRIKDFLR,P49913
KIFDEENI,O60741
GRLLVVYPWTQRFFE,P68871
NSNTFLTRLLVHMGLLKSEDKVKAI,P46060
VMGNPKVKAHGKKVLGA,P02042
DALFQPQQHPARDQHDTF,Q9Y285
RLFDQAFGLPRLPEEW,P04792
KESKKEDLVFIFWAPESAPL,P23528
GGKEDLIWELLNQAQ,P02787
LTDYLMKILTERGYSFT,P60709
SHQKRTPDFHDKYGNAVL,P24311
KDYPLIPVGKLVLNRNPVNYFA,P04040
FTRVSSFLPWIRTTMRS,P08311
SLPIKESEIIDFF,P15880
GRLLVVYPWTQRF,P69891
SQLKEQISDIDDAVRKL,P53999
AEITDKLGLHSLRHRNWYIQAT,P84077
FGSPSGQKDLLFKDSAIGF,P02788
SHLQDEFTVQMQAAWDKFLTGVAV,Q6B0K9
FLSFPTTKTYFPHFDLSHGSAQV,P69905
IKQSELSAKMREWFSETFQKVKE,P02654
RVTFKANRPFLVFIRE,P01008
GKEDLIWELLNQAQ,P02787
VVRIPKEQGVLSFWRGNLANVI,P05141
YVAIQAVLSLYA,P63267
GVLGLDLWQVKSGTIFDNF,P27797
VNRMMKLIINSLYKNKEIFL,P14625
FKGSEMVVAGKLQDRGPD,Q14624
NKLLGKVTI,Q16777
SLKNKLRRGDLPF,P35579
DVENSFFLNVNSQVTT,P50897
SHYEEGPGKNLPFSVENKWSLL,P15954
SDVFFKGFKWGFAAF,O43676
FVLGVWGRVGMEDMGHH,Q9GZM7
DIPEVVVSLAWDESLAPKHPG,P59666
TSREIVISERLGEPN,P13611
DVHGPDWHLKMPKMKMPKFSMPGFK,Q09666
SGDFIIRTSKLLIPVT,Q8WWZ8
GGKLSKKKKGYNV,P80723
LSSHIANVERVPFDAA,P06396
LPSQAFEYILYNKGIMGE,P09668
KIGRFVIEEVPGELMQEDLATDDVM,P06396
KGGKIGLFGGAGVGKTVLIMEL,P06576
RLLLPGELAKHAV,Q8N257
VTLAAHLPAEFTPAVHASLDKFLAS,P69905
RISFALRYLYGSDQLVVR,Q9BQG1
SRNLRTALIFGGF,Q8N5G0
HLTPEEKSAV,P68871
YLGQVAILLFKSG,Q96FJ2
LAVNMVPFPRLHFFMPGFAPLTS,P68371
AAYQKVVAGVANALAHKYH,P68871
EIITDRQSGKKRGFGFVTF,P22626
IGNSTAIQELFKRISEQFTA,Q13885
LESFKVSFLSALEEYTKKLNTQ,P02647
KVLKQVHPDTGISSK,P57053
SFVNDIFERIAGEA,P06899
SSEPVKETVQ,Q9UPN6
AIRNDEELNKLLGKVTI,Q9BTM1
HAYQIIHRNGIPDE,Q99538
FTVYPSTKVYFPHL,Q6B0K9
GPVGVFEWEAFARGTKA,P00558
GSGEVVLSRKVLL,P01024
AERVGAGAPVYMAAVLEYL,Q6FI13
AWRHFYWYLTNEGIQYL,P46783
NMVPFPRLHFFMPGFA,Q3ZCM7
DPANITLEPMEIRTFLASVQWK,O00754
KLFDRAKVNVNLLIFLLNKKFYGK,P46940
MPGQLPILEGEVFDSVKPG,O75356
GGEALGRLLVVYPWTQRFFE,P68871
GGKHWVVIVAGSNGWYNYRHQA,Q99538
VTLAAHLPAEFTPAVHASLDKF,P69905
TAFQYIIDNKGIDSDA,P25774
DPFNPFELTNHAVL,P53634
RDFSPSGIFGAFQRGY,P56134
TVLTSKYR,P69905
KQVHPDTGISSKAMGIMNSFVNDIF,Q99879
LPSQAFEYILYNKGIMG,P09668
DYPLIPVGKLVLNRNPVNYFA,P04040
AGEASRLAHYNKRSTI,Q16778
SFEPFSNKGQTLVVQF,P27797
EPEDQLYYVKF,Q9H3G5
IGQFGVGFYSAFL,P14625
GIAEFWINGTPLVK,P02743
TLTASEIRQRFIDFFKRNEHTYV,P49588
IMNSFVNDIFERIAG,P58876
SQRLVFNRPFLMF,P05154
GRLLVVYPW,P02042
SLDKFLASVSTVL,P69905
DKPVYTPDQSVKVRV,P01031
GFTLGNVVGMYLAQN,E0CX11
ATLSELHCDKLHVDPENFRLLGNVL,P68871
LFRKFHYLPFLPSTEDVY,P01903
IMNSFVNDIF,Q16778
ATNGVIHYIDELLIPD,Q15582
SNIFVIGKGNKPWISLPRGKGI,P62701
GRLLVVYPWTQRFFESF,P02042
LMIEQNTKSPLFMGKVVNPTQK,P01009
LLPISPFML,P03891
AGRDLTDYLMKILTERGYSFT,P60709
KSWITFDLKNKEVSV,P01730
AVHKAVLTIDEKGTEAAG,P01009
KEDLIWELLNQAQE,P02787
IFWAPESAPLKSKMIY,Q9Y281
EPEDQLYYVKFLSLPEVR,Q9H3G5
KITPNLAEFAFSL,P01009
VNDIFERIAGEASRLAHYNKRSTI,Q99877
GGEALGRLLVVYPWT,P02100
IVMTVQELLPSSFGPEDLQKTQ,P32320
GTGENYRGNVAVTVSGHT,P00747
YFGSAFATPFLVVRHQLLKT,P15954
AYQKVVAGVANALAHKYH,P02042
APPERKYSVWIGGSIL,P63267
MLSNTTAIAEAWARLDHKFDLM,P68363
MKRVGFQYEGTYKWVNPHKL,P11413
LLRYPNKLDTVTWTWQGYTF,Q7L5N7
TRVSSFLPWIRTTM,P08311
TQGKIVDLVKELDRDT,P01009
WHHTFYNELRVAPEEHPV,A5A3E0
DATYETKESKKEDLVFIF,Q9Y281
EPGLQIWRVEKFDLVPVP,P06396
LAFPDTDFPGLI,Q9UM07
KEDLVFIFWAPESAPLKSKMIY,P23528
LAFPDTDFPGLITLTI,Q9UM07
GVANALAHKYH,P02042
WGKVNVDEVGGEALGRLLVVY,P68871
DSGEQIAGFVKEFSHIAF,P10619
INLLAENGRLSNTQGVVSAFSTM,P48047
FAFSLYRQLAHQ,P01009
SHGSAQVKGHGKKVADALTNAV,P69905
TPNLAEFAFSLYRQLAH,P01009
LILVIKMGVAAHKKSHEESH,P05109
LAGRDLTDYLMKILTERG,P68032
DSGDGVTHTVPIYEGYALPHAIL,P63261
VDKGVFVLNKKNKLTQS,P01024
EALGRLLVVYPWTQRF,P02042
VAIFEYIDRL,Q9H0D6
IFWAPESAPLKSKM,P23528
VPPVQVSPLIKLGRY,P56385
IEMGGNPLENSGFEPGAFDGLKLNY,P21810
SAPATGGVKKPHRYRPGTV,Q16695
GAPAGPLIVPYNLPLPGGVVPRML,P17931
KIPKFKKPKFG,Q09666
GKVKVGVNGFGRIGRL,P04406
IVRFPTDQLTPDQERSLMF,P05164
SREIQTAVRLLLPGEL,P58876
FTRVALFRDWIDGVLNNPGP,P20160
ERIAGEASRLAHYNKRSTI,P06899
LFSYSFSYKHLKHERLRKYH,P56134
NEYRVPELNVQNGVLKSLSFL,O75533
VITESPAALQLRYLQTL,P27105
INPEDGFIKTTKPLDREET,P55287
SLAALKKALAAAGYDV,Q02539
LTDYLMKILTERGY,P63261
VKLISWYDNEFGYSNRVVDL,P04406
LFKGSEMVVAGKLQDRGPDVLTATV,Q14624
NIILEEGKEILVGDVGQTVDDPY,P23528
GGLSPDTPEEKIREYFGGFGEVES,Q14103
AAPPKAVLKLEPQWINVLQEDS,P31994
LIQHFQAMVKALEKEA,Q06481
DQLYYVKFLSLP,Q9H3G5
YLAPNNLKPVVAEFYGSKEDPQTFY,P02787
IDFLNFPRFQFPGKPGIYT,P04114
AAHLPAEFTPAVHA,P69905
ISKQEYDESGPSIVHRKCF,Q9BYX7
VPPVQVSPLIKLGRYSALFL,P56385
TEPEDQLYYVKFLSLPEVRQAI,Q9H3G5
EPAKLEVKFSWFMPSAPY,P05090
HVKDANGNSFATRISNI,Q8TD47
GAGAPVYLAAVLEY,P20671
LMKILTERGYSFTTTAEREIVRDI,P63261
IEGNLIFDPNNYLPK,P04114
FLHWYTGEGMDEMEF,Q13509
PGGLLLGDVAPNF,P30041
IKADHVSTYAAFVQTHRPTGEFMFE,P20036
FVNWIDSIIQR,P08246
TFALRYLNFFT,P12004
MQTDNLELKKLVYLYLMNYA,P63010
TEVKTVTVKISQKNS,P00352
KRIVQRIKDFLRNLVPRTES,P49913
VMDKYTFELSRRTHLPEV,P02774
LRNWQWWRLFT,P35579
GNRYKNVKLPDAYERLILDV,P11413
YLAAVIEYLTA,P0C5Z0
DSGDGVTHTVPIYEGYALPHAILRL,P63261
VLEEEFQNISPEELKMELPERQPRF,O60234
YYTVPLVRHMESRIMIPLKISPLQ,Q9BPW8
AGEASRLAHYNKRSTITSREIQT,P58876
HKAVLTIDEKGTEAAG,P01009
IKPSVEPSAGHDEL,Q9HCN8
ASLSTFQQMWI,Q9BYX7
IPVKSDIAPVARLLIYAVLPT,P01023
VHGPDWHLKMPKMKMPKFSMPGFK,Q09666
TERVRYVTRYIYNRE,P01920
TRNPQTARQAHLYRGIFPVL,P14618
FEGQFSINKVPGNFH,Q969X5
FVYPLDFARTRLA,P05141
GTTTFAVTSILRVAAE,P01876
FRDWIDGVLNNPG,P20160
GKIDTIEIITDRQSGKKRGFGFVTF,P22626
FIDNIFRFT,P06576
KDVLPTVDPTKLTWGPYLWF,Q8N128
LVLRINKALDKTKRQGA,P35579
MVPFPRLHFFMPGFAPLT,A6NNZ2
SEPGTWKISARFSDG,P0C0L5
INGGSHAGNKLAMQE,P13929
DKLHVDPENFRLLGNVL,P68871
FDTAGQEDYDRLRPLSYPQTDVF,P60953
EADKNDKAVKDLVVLLFET,Q58FF7
LAAHLPAEFTPAVHASLDKFLASVS,P69905
EDLVFIFWAPESAPLKSK,P23528
SGVNGPLVILDHVKFPRYA,P21281
VVYPWTQRFFESF,P68871
SSLKNKLRRGDLPF,P35579
GVDRYISKYELDKAFSDRN,P01024
DEVGGEALGRLLVVYPWTQRFF,P68871
VTLLLAGQATTAYFL,P04233
DYIKLYVRRVFI,P14625
AVLSKEYGFVLLTGAASF,O14880
KLTIFKTELRVRESDE,P04114
NTFPTFKFEDPKFEVIEKPQA,P18859
AGNAARDNKKTRIIPRHLQLAI,Q99878
YLAAVLEYLTAE,Q8IUE6
VFIFWAPESAPL,P23528
YDPSIGIYGLDF,P62913
LTLTSLIPPIL,P03915
LQTLTTIAAEKNSTIVFPLPIDM,P27105
LKIRGSLARAALQELLSKGLI,P62851
SERVGAGAPVYLAAVLEYL,P20671
AVTYTEHAKRKTVTAMD,P62805
AVTYTEHAKRKTVTAMDVVY,P62805
PTTKTYFPHF,P69905
LEAIPMSIPPEVKFNKPFVF,P01009
DIRKDLYANT,P63261
IDVIGVTKGKGYKGVTSRW,P39023
EVGGEALGRLLVVYPWTQRF,P68871
ALERMFLSF,P69905
PTTKTYFPHFDLSHGSAQV,P69905
KGDVVIVLTGWRPGSGFTNTM,P14618
ITLKKYDGRTKPIPK,P37108
LPKPEKSLAKVEKELTPE,P01008
KDYPLIPVGKLVLNRNPVNYFAE,P04040
KVNVDEVGGEALGRLLVVYPWTQRF,P68871
LKVIVNSLKNMINTF,Q13510
GSSILSILLEEVSPE,P07602
VHPDYRQDESYNFEGDI,P00736
YKSFIKDYPVVSIEDPFDQDDW,P06733
TYETKESKKEDLVFIFWAPESAPL,P23528
GTGENYRGNVAVTVSG,P00747
RLLLPGELAKHAVSEGTKAV,Q99880
TERVRYVTRYIYNR,P01920
ALQEASEAYLVGLFEDTNL,Q71DI3
LTDYLMKILTERGYSFTT,P63261
VIKMGVAAHKKSHEESHKE,P05109
FTRVALFRDWIDGVLNNPGPG,P20160
HASLDKFLASVSTVLTSKY,P69905
DEVGGEALGRLLVVYPWT,P68871
AEILELAGNAARDNKKTRIIPRHL,P20671
ESYFIPEVRIYDSGTY,P16284
FYAEATPMLKTLSDATTKFV,Q9NUQ9
LLFGADVVYK,P17213
EHPEFLKAGKEPG,P06396
AKMREWFSETFQKVKEK,P02654
YSFTTTAEREIV,P63261
TATFAQALQFVPETQ,P31930
IPVGKLVLNRNPVNYF,P04040
IVGGRRARPHAWPFMVS,P08246
MKMQRTIVIRRDYLHYIRKY,P62280
DLTEFQTNLVPYPRIHFPLA,Q9BQE3
AGNAARDNKKTRIIPRHLQL,Q6FI13
YIVFGEAKIEDLSQQA,Q13765
FAVYDGHAGSRVA,O75688
AKSVSFSDVFFKGFKWGFAA,O43676
KGTQGKIVDLVKELDRDTV,P01009
EHGIITNWDDMEKIWHHTFYNEL,P0CG38
LRDYLHLPPEIVPA,Q9NQ39
IALTTLLLPISPFML,P03891
QPDTIIQVWREDIPVN,P06865
HIDLGIKYDPSIGIYGLDF,P62913
DTAKKPIIGILMQKCRNK,Q92820
GKSSGVPPEVFTRVSSFLPWIRTT,P08311
ISKTYSYLTPDLW,P15880
ETKESKKEDLVF,P23528
GKFMKPGKVVLVL,P61353
WGKVNVDEVGGEALGRL,P68871
RNWQWWRLF,P35579
FVKEFSHIAFLTIKGAGHMVPTD,P10619
KDLEKWQNNLLPSRQFGF,P62244
LLPAGWILSHLET,P10176
VPFPRLHFFMPGFA,Q9BUF5
AAVLEYLTAEILE,Q7L7L0
GRVHRLLRKGNYAERV,Q6FI13
IFWAPESAPLKSKMIYA,P23528
TFIGNSTAIQELFKRISEQF,P07437
VTIAQGGVLPNIQAVLLPK,Q93077
EPGLQIWRVEKFDLVPVPTN,P06396
YSMRKMSMKIRPFFPQQ,P02675
GGEALGRLLVVYPWTQRFFES,P02042
IREFQLPSSQISMVPNVGLKF,P17213
ISKQEYDESGPSIVHRK,P60709
GGWRWWGLSRAF,Q96GQ5
TGATLINEQWLLTTAKN,P00739
TTAEREIVRDIKEKL,P68032
LVWKELGGFTEKAVVPLGLYT,P30536
FQPTLLTLPRIKV,P05155
LARTWWNQFSV,Q99536
NMPWFKGWKVTRK,Q5VTE0
APSTMKIKIIAPPERKY,P60709
GGEALGRLLVVYPWTQR,P02100
LLPAGWILSHLETYRRPE,P10176
ALTQNHHKQYYEGSEIVVAGRIADN,P19827
RLDLAGRDLTDYLMKILTERGYSFT,P63261
VKVLDFEHFLPML,P60660
AIIKFPLTTESAMKKIEDNNTLVF,P62750
IEGNLIFDPNNYLPKE,P04114
VESLVSQYFQTVTDYGKDL,P02652
LQIWRVEKFDLVPVP,P06396
TRNPQTARQAHLYRGIF,P14618
VDVSKPDLT,P08670
VGKKQLVEIEKVVLHP,P00738
DIPEVVVSLAWDE,P59665
WDTAGQEDYDRLRPLSYPQTDVF,P63000
ASEAYLVGLFEDTNL,Q71DI3
LGGVKVERQVFGEATKQPGITF,P07339
LVVYPWTQRFFESF,P02042
GTQGKIVDLVKELDRD,P01009
SGEVVLSRKVLL,P01024
VPPVQVSPLIKLGRYSALFLGV,P56385
KGSEMVVAGKLQDRGPDVLTATV,Q14624
SDLHAHKLRVD,P69905
ILVIKMGVAAHKKSHEESHKE,P05109
FSLPYGWTPGVKRNGFPVA,P05164
RVTFKANRPFLVFIR,P01008
KGVFVLNKKNKLTQ,P01024
KGTQGKIVDLVKELDRDTVF,P01009
SADQVTRALENVLSGKA,O43678
GNPKVKAHGKKVLGA,P68871
MGFIVYKIRAADKRSKALKA,P56378
EKIWHHTFYNELRVAPEEHPVL,P60709
GSGEVVLSRKVLLDG,P01024
EDMLVVDPKSKEEDKH,P10451
VYGIFYATSFLDLYRNPK,Q92673
QLTFALRYLNF,P12004
VRLLLPGELAKHAV,P57053
YISKYELDKAFSDRNT,P01024
SFTTTAEREIVRDI,P63261
ALWGKVNVDEVGGEALGRL,P68871
AGQERYHSLAPMYYRGAQAA,P20339
AGFAGDDAPRAVFPSIVGRPRHQGV,P63267
WPVPDIYLRDLKVEDIPL,P04114
LGGKAAYRTSPRLKDKKMDAHPP,P06396
GKAAYRTSPRLKDKKMDA,P06396
KIKIIAPPERKYSVWIGGSILA,P63261
LPSQAFEYILYNKG,P09668
SEGTKAVTKYTSAK,O60814
MREWFSETFQKVKEK,P02654
RHRDYKVDLESKLGKTIVITK,Q96NC0
LDTWDQVFVWVGKDSQEEEKTEAL,P06396
TERVRYVTRYIYN,P01920
IKEEHVIIQAEF,P01903
VAIQAVLSLYASGRTTGI,P68133
ESQMAKHRLLFFKHRLQCM,Q00973
FIGNSTAIQELFKRISEQFTAM,P68371
MDLAANEKAVHADFFNDFEDL,Q8WXC6
KIIAPPERKY,P68032
TPNLAEFAFSLYRQLAHQS,P01009
YREAPIDKKGNFNYIEF,P19105
LIVLYFKLRSKKTPA,Q96IX5
FVFTKEDLTEIRDMLLANKVPA,Q8NHW5
NSELQWPVPDIYLRDLKVEDIPLA,P04114
SHQKRTPDFHDKYGNAVLASGAT,P24311
LMKILTERGY,Q9BYX7
IKIIAPPERKYSVWIGGSIL,Q562R1
KELDINTDGAVNFQEF,P05109
DGTTPLILAARLAVEGM,P46531
LRFDSDVGEYRAVTE,Q30154
VVIVLTGWRPGSGFTNT,P14618
IDVIGVTKGKGYKGVTS,P39023
EAIPMSIPPEVKFNKPFVFL,P01009
PGVTVKDVNQQEFVRALAAF,P39019
ADNISHGLLLKKSPVLQYLYYL,Q01432
MLRGYWGGPAFLRKLFHLGMS,Q9Y6N5
SAPRHGSLGFLPRKRSSRHRGKVK,P39023
LVVYPWTQRFFESFGD,P68871
LYIKSTMGKPQRLY,P62906
DLAGRDLTDYLMKILTERGYSF,P68032
KERNGLSLAALKKALAAGGYDV,P16401
KESKKEDLVF,Q9Y281
FVNDIFERIAGEASRLA,P62807
FDQFFGEHLLESDL,P02511
GATLINEQWLLTTAK,P00738
GLVAPPATTAETLDVQMKGEF,P17213
IVGGRKARPRQFPFL,P20160
DLTEFQTNLVPYPRIHFPLATYAPV,P68366
PETKLDKKKYPYWPHQPIENL,O75947
GLQIWRVEKFDLVPVP,P06396
LPVVVISNVSQLPSG,P42224
FVKEFSHIAF,P10619
SLLRGPSWDPFRDWYPHSRL,P04792
SFVKKNVLVTGGFFGGFLLGMAS,Q9BWH2
MQTDNLELKKLVYLYL,Q10567
SGPFGQIFRPDNFVF,P04350
SKRYLKYLTKKYLKK,P35268
WAPESAPLKSKMIYA,Q9Y281
LVVYPWTQRFFESFGDLSTPDA,P68871
FLGASLKDEVLKIMPV,P15880
VLVLYDEIKKYV,P12235
AHLPAEFTPAVHASLDKFLASVS,P69905
ERMFLSFPTTKTYFPHFDL,P69905
YIILYNYRHGGRQGQII,P06396
AAWGKVGAHAGEYGAEALERMF,P69905
YVVLGRPGFSIADKKRRT,P62913
SRPFYKRMDRIMESH,Q16706
DYHTTSHPGTHKVYVELQE,P02730
DGSGEVVLSRKVLLDG,P01024
KLRNWQWWRLF,P35579
IVFVAAITSACHKYFEKAGLK,P25815
VLKEGSEYRVKIHFKVNRDIV,P52566
EKSAVTALWGKVNVDEVGGEALGRL,P68871
SNHGEIKWIDFVRGAKEGIILF,P05455
PELAVQKVVVHPLVLL,P51665
FTSKGLFRAAVPSGASTGIYEALEL,P06733
KEDLVFIFWAPESAPLKSKM,P23528
GTTTFAVTSILRVAAEDWK,P01876
YVDWIRSTLRR,P24158
IVLYFKLRSKKTPAVKAT,Q96IX5
SSGAHGEEGSARMWKTLTFF,P12074
GTGASGSFKLNKK,P16402
VFIFWAPESAPLKSKMIY,P23528
NDYFVVHMKQKGKK,P60903
ELIPLKIFEMGPVFTL,P00403
RDEGGKAFFKGAWSNVLRGMGGA,P05141
RFQSAAIGALQEASEAYL,P0DPK2
VLSPADKTNVKAAWGKVGAHA,P69905
RLAHYNKRSTI,Q93079
DKFLASVSTVLTSKY,P69905
QGQYDLDPLPPFPDHV,P55001
DEVGGEALGRLLVVYPWTQ,P68871
AVDKGVFVLNKKNKLTQSKIWDV,P01024
GFGDLKSPAGLQVLNDYL,P24534
HLIAREAEAAIYHLQL,P14618
IQPDTIIQVWREDIPVNY,P06865
KMREWFSETFQKVKEK,P02654
LLTEAPLNPKANREKMTQIMF,P63267
SLKEEVGEEAIVELV,P35579
GDSRGGGGNFGPGPGSNF,P22626
LKVFIPSLF,O60238
RFQEHLQLQNLGINPANIGF,Q00610
SEYKAHFSLRNLHAFSVEPLLIYPT,Q8NBJ5
WSVDPLDRAMAELA,P06396
GGEALGRLLVVYPW,P68871
YVGKKQLVEIEKVVLHPNY,P00738
ALWGKVNVDEVGGEALGRLL,P68871
YRLSGDWNPLHIDPNF,P51659
LGLDLWQVKSGTIFDNF,P27797
VARKSAPATGGVKKPHRYRPGTVA,Q16695
LLDTWDQVF,O75366
PEPAKSAPAPKKGSKKAV,P57053
ADHILKELDHFPLEKRSEVVILF,P22830
EPEDQLYYVKFLSLPEV,Q9H3G5
ANMPWFKGWKVTRK,P68104
IGQFGVGFYSAF,P14625
VVYALKRQGRTLYGFGG,P62805
FNKITPNLAEFAFSL,P01009
IRRSSLLTEKLLRLLSL,Q7Z6Z7
FILFGVYGDVQRVKI,P26599
TGGVKKPHRYRPGTV,Q16695
LELDTIKNLVKKYSQFI,P14625
IVGGHEAQPHSRPYMASLQM,P24158
GVIHYIDELLIPDS,Q15582
DHPTFNKITPNLAEFAFSL,P01009
SHQKRTPDFHDKYGNAVLASGATF,P24311
EHGIITNWDDMEKIWHHTFYN,P68133
RDNKKTRIIPRHL,P04908
FNTPAMYVAIQAVLSLYASGRTT,Q562R1
AKGMLPDPKNTHIVISWMIAQTV,P05141
DEVGGEALGRLLVVYPWTQRFFES,P68871
YDEIKKYT,P05141
EAIPMSIPPEVKFNKPFVF,P01009
GTQGKIVDLVKELDRDTV,P01009
LSEEDKLTVSRARKIQRFLSQPFQV,P06576
WGKVGAHAGEYGAEALERMF,P69905
MGNPKVKAHGKKVLGAF,P02042
FVLWDQQHKFPVF,P05155
AVLEYLTAEIL,Q96KK5
TALWGKVNVDEVGGEALGRL,P68871
PSIVGRPRHQGV,P60709
PQYQTWEEFSRAAEKL,P49458
AAATLTSKLYSLLFRRTSTFA,Q9UDW1
TIIQVWREDIPVNY,P06865
AEVNRMMKLIINSLYKNKEIFL,P14625
SNLNPERVTPQSLFILF,P26599
PREDRATWKSNYFLKIIQL,P05388
LLVSNLNPERVTPQSLF,P26599
VLAHHFGKEFTPPVQAAYQKV,P68871
SQWLGGSSWPGYVRPLPPAAIESPA,P04792
SSRAGLQFPVGRVHRLLRK,Q7L7L0
WSVDPLDRAMAELAA,P06396
GVIHYIDELLIPDSA,Q15582
FDLSHGSAQVKGHGKKVADA,P69905
LTEAPLNPKANREKMTQI,Q9BYX7
YVLFSYSFSYKHLKHERLRKYH,P56134
ASLDKFLASVSTVLTSKYR,P69905
AIHAKRVTIMPKDIQLARRIRGERA,Q6NXT2
NGPVGVFEWEAFARGTK,P00558
YISKYELDKAFSDR,P01024
VAPLFFADQF,P10253
LFPDFFTRVAL,P24158
GMLPDPKNTHIVISWMIAQTV,P05141
VATQVGIEWNLSPVGRVTPKEWRNQ,P24311
DSVLDVVRKEAESCDCLQGFQLT,P07437
ALAPSTMKIKIIAPPERKY,P62736
GLQDSLLSRFDLL,P25205
DEVGGEALGRLLVVYPW,P68871
VTIVETPPMVVVGIVG,P39023
LAEFAFSLYRQLAHQS,P01009
MVPPVQVSPLIKLGRYSALF,P56385
MGFIVYKIRAADKRSK,P56378
FLLGFTLGNVVGM,E0CX11
LTDYLMKILTERGYSF,P63267
GNSTAIQELFKRISEQF,P07437
SGVNGPLVILDHVKFPRY,P21281
VGHRKVSNDAKRYTRRPLVVVYY,P13667
VLAHHFGKEFTPPV,P68871
TRVSSFLPWIRT,P08311
ISKRFKSHTDQLVLIF,Q9UMX0
YLKVKGNVFKNKRIL,P84098
ATNGVIHYIDELLIPDS,Q15582
RYISKYELDKAFSDR,P01024
ALYDATYETKESKKEDLVF,P23528
AKMREWFSETFQKVKEKL,P02654
GRLLVVYPWT,P68871
LQEASEAYLVGLFEDTNL,P84243
ALDVMVSTFHK,P26447
AVHLEVLNAR,Q8N587
IPVKSDIAPVARLLIYA,P01023
YSFTTTAERE,P60709
AIVEALNGKEVAAQVKAPLVLKD,Q99497
ISDYVFNTASLVYH,P18428
VDLSRRFLVHDSF,P98160
LERGGDPSKEPERVVHYEI,O95169
GDVPTKRPPVLRAGVN,P62424
TTLLLPISPFML,P03891
SSSSLEKSYELPDGQVI,Q6S8J3
FVYPLDFARTRL,P12236
ANVIRYFPTQALNF,P12236
VLEFHFEPNEYFT,P55209
EKWQNNLLPSRQFGF,P62244
GGRKARPRQFPFL,P20160
AGRDLTDYLMKILTERGYSF,P62736
DNEAIYDICRRNLDIERPT,P68366
AIIDPGDSDII,P62888
VKLISWYDNEF,P04406
IMNSFVNDIFERIAGE,P33778
IANSLATAGDGLIELRKLEAAEDIA,P35232
LDSKAFLLTPRNQEA,O95445
QKVVAGVANALAHKYH,P68871
VLEYLTAEILE,P20671
APSTMKIKIIAPPERKYSV,P68032
APWRLYNKIINL,P38571
VREPPNAKPDWLKVGFTLGTTVF,O43677
AALKKALAAAGYDVEKNNSRIK,Q02539
IVGGHEAQPHSRPYMASL,P24158
GGKEDLIWELLNQAQE,P02787
SRNGMVLKPHFHKDWQRRVATWF,P26373
DDFASFRVDRIERVAR,P04196
KAGKEPGLQIWRVEKFDLVPVPT,P06396
RPPQFTRAQW,P12724
LSLQEPGSKTYS,P01266
IPDISEPGTWKISARFSDGLE,P0C0L5
ADLSIEKRFLDLLEP,P11277
FAGDDAPRAVFPSIVGRPRHQGV,P63267
SEIVGGRRARPHAWPFM,P08246
TKQVPNESFFNFFNPLKASGDGESL,Q99733
IAEFWINGTPLVKK,P02743
ESKKEDLVFIFWAPESAPLKSKMI,Q9Y281
LLTEAPLNPKANREKMTQI,P60709
KESKKEDLVFIFWAPESAPLKSK,Q9Y281
SHTDIKVPDFSEYRRLEVL,P0C7P4
VPPVQVSPLIKLGRYSALFLG,P56385
GLQIWRVEKFDLVPVPT,P06396
GKFMKPGKVVLVLAGRYSGRKAV,P61353
VRIPKEQGVLSFWRGNLANVI,P12236
GIMNSFVNDIF,Q99879
AEDGHGPGEQQKRKIVLDPSGSMN,P00751
FPHFDLSHGSAQVKGHGKKVADAL,P69905
FLSFPTTKTYFPHF,P69905
PAVSEKDIQDLKFGVEQDVDMVF,P14618
FESFGDLSTPDA,P68871
GKARGFFKKGDVVIVLT,P14618
RDFSPSGIFGAFQRGYYRYYNKY,P56134
EKGDVAFVKHQTVPQN,P02787
VALPGVAVSML,P12074
SKSWITFDLKNKEVSV,P01730
APSRNGMVLKPHFHKDWQRRVATWF,P26373
IVLYFKLRSKKTPAVK,Q96IX5
NMVPFPRLHFFMPGFAPLTS,Q13885
FDQAFGLPRLPEEW,P04792
VAHVDDMPNAL,P69905
PGVTVKDVNQQEFVRALAAFL,P39019
HDVFVRKVKMLKKPKFELGKL,P61247
LVTLAAHLPAEFTPAV,P69905
FIGNSTAIQELFKRISEQFT,P04350
EQQKRKIVLDPSGSMN,P00751
EPEDQLYYVKFLSLP,Q9H3G5
KNDNSSRFGKFIRINF,P35580
RFVKWPRYI,P62424
AGQERYHSLAPMYYRGAQA,P61020
PSIVGRPRHQGVMV,P60709
HGPGEQQKRKIVLDPSGSMNIY,P00751
STQTLYVNVAPRDTT,P19320
IPPPSGPLWILGDV,P07339
FSLPYGWTPGVKRNGFPVAL,P05164
RSGKYDLDFKSPDDPSR,P06733
NLKERYYSGLIYTYSGLF,P35579
NQFREFKLSKVWRDQH,P02786
KEPGLQIWRVEKFDLVPVPT,P06396
MREWFSETFQKVKEKL,P02654
AVASFPKKQE,P14406
GGFEHLQTLK,Q9ULQ0
MIGGLFIYNHKGEVL,Q96CW1
KSPFLVEQFQEYFLGG,P80108
GGLSPDTPEEKIREYFGGFGEVESI,Q14103
VFIFWAPESAPLKS,Q9Y281
GFSGNLEGEGFILGGVF,Q9BRX8
GGKAAYRTSPRLKDKKMDAHPP,P06396
AGRFTPGTFTNQIQAAFREPRLLVV,P08865
SHYEEGPGKNLPFSVENKWSLLAKM,P15954
VYPWTQRFFESFGDLSTPDA,P68871
IMNSFVNDIFERIA,Q93079
IHSLPPEGKLGIMEL,P10176
PKKGHIYQGSEADSVFSGFLIFPSA,P02745
VYPWTQRFFESF,P68871
APEVLPKPRMRGLLARRLRNHMAVA,P09669
FKVGPEADKYRLTYAY,P02679
FTRGSDSLIKGKK,Q99623
GKVKVGVNGFGRIGRLV,P04406
TIVETPPMVVVGIVG,P39023
TRNPQTARQAHLYRGIFPV,P14618
GRRLWRFDVKAQMVDPR,P14780
ADKQLSFEEFIMLMAR,P06702
LNENQVRT,P62714
ANALAHKYH,P68871
VKVGAIQRWLKGQGVYL,P30040
VAPDKDYFLIVIQNPTE,Q9NP97
SVHPDYRQDESYNFEGDIA,P00736
GLDLWQVKSGTIFDNF,P27797
DQLYYVKFLSLPEV,Q9H3G5
VPFPRLHFFMPGFAPLTSRGSQQY,P68371
EPEDQLYYVKFLSLPE,Q9H3G5
EPAVYFKEQFLDGDGWTSRW,P27797
LTFALRYLNFFT,P12004
LIVLYFKLRSKKTPAVKAT,Q96IX5
AVLSLYASGRTT,P63261
TAAKEIEVGGGRKAIIIFVPVPQLK,P62081
GRDLTDYLMKILTERGYSFTTT,P60709
FVEAVEQNTLQEFLKLA,Q9H299
LYDATYETKESKKEDLVF,P23528
AYTTEHWLVRIYKVKDLDNRGLSRT,P46977
FNLDTREDNVIRKYGDPGSLFGFS,P23229
IIGGRESRPHSRPYMAY,P08311
LVLNLQDESFTRGSDSLIKGKK,Q99623
VNDIFERIAGEASRLA,P62807
ETKESKKEDLVFIFWAPESAPL,P23528
RSGPFGQIFRPDNFVFGQSGAGNNW,P07437
FPGKKLVLSSEKTVLTPA,P01024
YEDGFSLPYGWTPGVKRNGFPVA,P05164
SAKPAPPKPEPKPK,P05204
DEVGGEALGRL,P68871
SPDKKLTIFKTELRVRESDE,P04114
KGVFVLNKKNKLTQSKIWDV,P01024
MGNPKVKAHGKKVLGA,P68871
VEKGDVAFVKHQTVPQ,P02787
IGNSTAIQELFKRISEQ,P04350
TGENYRGNVAVTVSG,P00747
VLSPADKTNVKAAWGKVGAHAG,P69905
TNKNYRIDTINLFPAT,P00450
AERVGAGAPVYLAAVLEYLTAE,Q9BTM1
GYSNRVVDLMAHMASKE,P04406
DEVGGEALGRLLVVYPWTQRF,P68871
LGQRYSLLPFWYTLL,Q14697
RLYLPPSTPDFSRLRRYFVAF,P49916
DLAGRDLTDYLMKILTERGYSFTT,P60709
VTEEPEIYEPNFIFF,Q13435
YGRSPEEWPNLAYWFIQHKVYSPNM,Q01432
VHGPDWHLKMPKMKMPKFSVPGFK,Q09666
VPPVQVSPLIKLGRYSAL,P56385
GILHFIDRVLLPP,Q9NY15
YETKESKKEDLVF,Q9Y281
SETGAGKHVPRAVF,Q9BQE3
LKIRGSLARAALQELLSKGLIKLV,P62851
VVYPWTQRFFESFGDLSTPDA,P68871
EEWGQVVIIHMLTRYA,O00203
AGQERYHSLAPMYYRGAQAAIVVY,P20339
GGFMTTAFQYIID,P25774
DDAPPNLDYLVHMQGGIL,Q01432
AIRNDEELNKLLGKVTIAQGGVLPN,Q96KK5
YLEPYLKEVIRERKEREEWAKK,P14927
MLLDTWDQVF,O75366
DEDFDSKLSFREFLLIFRKAA,Q96C19
GLQKPSWHPPHWVLGPVWGTLYS,P30536
GTQGKIVDLVKELDRDTVF,P01009
NELRVAPEEHPVLL,A5A3E0
LVTLAAHLPAEFTPAVHASLDKF,P69905
RVWGVGNEAGVGPGLGEW,Q53GQ0
EPGLQIWRVEKFDLVPVPT,P06396
YSMDIREFQLPSSQISMVPNVGLKF,P17213
LKSKMIYASSKDAIK,P60981
LIFLLNKKFYGK,P46940
LDLQETSLAGVANQLLDRF,P02730
LDPASAKIEGNLIFDPNNYLPK,P04114
AHRPGAFKAELSKLVIVAKASRTEL,Q969H8
DLNQYRADIKEMGLS,P02786
DKTVAGQDAVIVLLGTRNDLSPT,P30043
AANEKAVHADFFNDFEDLFDDDDIQ,Q8WXC6
PTTKTYFPHFDL,P69905
RDEGGKAFFKGAWSNVLRGMGGAF,P12236
SEVPFSKRYLKYLTKKYLK,P35268
VLSPADKTNVKAAWGKVGAHAGEY,P69905
IHYLGLSHHLLALNF,Q6PIU2
WTSQFLTWILLPFM,Q68DH5
FDRAKVNVNLLIFLLNKKFYGK,P46940
FVNDIFERIAGEASRLAHYNKRSTI,Q5QNW6
MNVKVLDFEHFLPM,P60660
NIAPLRAWDDFFPGSDRF,O75915
GKVLYKEMKKQYDSFT,Q9Y3B3
KNYRIDTINLFPAT,P00450
VKKYYIHDHFIPIEK,P48357
NMVPFPRLHFFMPGFAPL,P68371
GGYDVEKNNSRIKLGLK,P16401
EDHLFRKFHYLPFLPSTEDVY,P01903
SKQSISNSESGPRGVHFIFNKENF,P04839
INGGSHAGNKLAMQEF,P09104
FSADQVTRALENVLSGKA,O43678
GNPKVKAHGKKVLGAF,P68871
YIVFGEAKIEDL,E9PAV3
DLAGRDLTDYLMKILTERGY,Q562R1
MRKAGIFQSVK,P09669
KVLYKEMKKQYDSFT,Q9Y3B3
LETAMGMIIDVFSRYS,P25815
SHGSAQVKGHGKKVADAL,P69905
FTHGIQSAAHFVMF,Q8NBS9
LERYIYNREEF,P04440
AVDKGVFVLNKKNKLTQ,P01024
LLPGELAKHAVSEGTKAVTKY,P06899
FAFSLYRQLAH,P01009
KDYPLIPVGKLVLNRNPVNYF,P04040
IFWAPESAPLKSKMI,P23528
FVYPLDFARTRLAADV,P05141
FIGNSTAIQELFKRISEQF,P68371
GGGRKAIIIFVPVPQLKSFQKI,P62081
NELRVAPEEHPV,P63261
RRMRILRRLLRRY,P84098
IPVKSDIAPVARLLIY,P01023
IPPPSGPLWILGDVF,P07339
VGKARGFFKKGDVVIVLT,P14618
IVLYFKLRSKKTPAV,Q96IX5
VILPPLSPYFKYSVM,O95167
YQKVVAGVANALAHKYH,P68871
KDLEKWQNNLLPSRQFGFIVLT,P62244
NLLIFLLNKKFYG,P46940
FKVSFLSALEEYTKKLNTQ,P02647
STITSREIQTAVRLLLPGEL,Q16778
EVGGEALGRL,P68871
KIRGSLARAALQELLSKGLIKL,P62851
YIILYNYRHGGRQGQIIY,P06396
KTTPDVIFVFGFRTHFGGGKTT,P62847
LRLLPFLGVL,Q8N5K1
VAIQAVLSLY,P63261
EPSQGTTTFAVTSILRVAAEDWK,P01876
LDLAGRDLTDYLMKILTERGYSFTT,P60709
TQGKIVDLVKELDRDTV,P01009
MKILTERGYSFTTTAEREIVRDI,P63261
FDLSHGSAQVKGHGKKVADALTNAV,P69905
QEASEAYLVGLFEDTNL,Q71DI3
YMGRTLQNT,P11217
DLNQYRADIKEMGLSL,P02786
LPVTPPRLVAPRFLEVETSWPVD,P32942
LLFKDSAIGF,P02788
VGLFEDTNL,P84243
LAGNAARDNKKTRIIPRHLQL,Q16777
TALWGKVNVDEVGGEALGRLL,P68871
APLPKFLVSLALRNALEE,Q13790
VILIDPFHKAIRRNPDTQWI,P61313
IKADHVSTYAA,P20036
GKVGAHAGEYGAEALERMFLSF,P69905
RYISKYELDKAFSDRNT,P01024
VVVDVSHEDPEVQFNW,P01859
YLHLPPEIVPA,Q9NQ39
FIGNSTAIQELFKRISEQ,P07437
HEDMLVVDPKSKEEDKH,P10451
SPFICYYDDKYEIQE,Q8N3Z6
SLFKRLYSLALHPNAFKRLGA,P78527
ASVDLKNTGREEFLTAFLQNYQL,Q9Y6R7
ESEKELALVKRLKP,P20645
VHLTPEEKSAVTA,P68871
FREFKLSKVWRDQH,P02786
ELEAYLAALTQLRALVYY,Q05469
VVYPWTQRFFESFGDLSTPDAV,P68871
RWRLSHRPKTGFIRVV,P07996
MALQEASEAYLVGL,Q71DI3
LESDLFPTSTSLSPFYLRPPSF,P02511
FVKEFSHIAFLTIKG,P10619
LPSQAFEYILYNKGIM,P09668
YVAIQAVLSLYASGRTT,Q562R1
IVGGHEAQPHSRPYMASLQMRGNPG,P24158
RTITSSYYRGAHGIIVVYDV,P62820
GPGEQQKRKIVLD,P00751
KNQNTFLLTTFANVVNV,P10153
GGLSPDTPEEKIREYFGGFGEVE,Q14103
FQYDTWKQSTQRL,P01344
AEKNSTIVFPLPIDM,P27105
KVVLELERFLPQPF,Q02083
HVDPENFRLLGNVL,P68871
TALAPSTMKIKIIAPPERKY,P68032
EIVRPSELLAGVKAYIGFIQS,P55160
NLKKFIESLSRNKV,P28039
LVVYPWTQRFFESFGDLSTPDAV,P68871
EERYKTGKNKWFFQKLRF,P61353
ERSGVNSELVKRILNFLMHPKPS,P35659
KGTQGKIVDLVKELDRDT,P01009
LASVSTVLTSKY,P69905
SAVTALWGKVNVDEVGGEALGRLL,P68871
FEMSRHSLEQKPTD,P04233
WVIEPQGLRFLHVPDT,P19823
VARKSAPATGGVKKPHRYRPGTV,Q16695
DKFLASVSTVLTSKYR,P69905
NLHAFSVEPLLIYPT,Q8NBJ5
LAEFAFSLYRQL,P01009
ALGRLLVVYPWTQRF,P02042
AISDYVFNTASLVYH,P18428
VPPVQVSPLIKLGRYSALF,P56385
PENFRLLGNVL,P68871
LAVSGPFHYWGPVIDGHF,P01266
RVAPEEHPVL,P63261
KIKIIAPPERKY,P62736
FGADVVYK,P17213
AGKRPPEPTTPWQEDPEPEDENL,Q9NX14
SAPATGGVKKPHRYRPGTVALREI,Q71DI3
GGAFVLVLYDEIKKYT,P05141
NQNTFLLTTFANVVN,P10153
VETPGQKYKETDLLILF,P05455
VSKGTLVQTK,Q02539
RMQHLIAREAEAAIYHLQL,P14618
GGVLVAEQWVLSAA,P00746
WRGNLANVIRYFPTQALNF,P12236
SLDKFLASVSTVLTSKY,P69905
FDIAVDGEPLGRVSFEL,P62937
APPERKYSVWIGGSILA,P68032
VGKKQLVEIEKVVLHPN,P00739
AAPAVLGEVDTSLVLSSMEEAKQLV,P05164
IGGRESRPHSRPYMAY,P08311
MNSFVNDIF,Q5QNW6
LPSWIYLKIV,Q53GQ0
FPRLHFFMPGFA,A6NNZ2
LAEFAFSLYRQLA,P01009
KKQPWWRKLF,Q9BWH2
IVRLDSQKHIDFSLRSPY,P46781
RLLYPYLAW,P30536
SIIKNIWIPMKPYYT,P56378
DAHKSEVAHRFKDLGEENFKALVL,P02768
TGLKQKTLYGRPNWDNE,P04839
WPVPDIYLRDLKVEDIPLA,P04114
FAISDYVFNTASLVYH,P18428
ILLMGSLVDKRGNILIPGINEAV,Q96KP4
SHGSAQVKGHGKKVADALTNAVAH,P69905
GKIVDLVKELDR,P01009
GNPFLTQWQRRYFYLFPN,P35626
KTDLRFQSSAVMALQEASEAYLVGL,Q71DI3
NPGTYTVQIRARER,P26951
VTFLLPAGWILSHLETYRRPE,P10176
LNFPRFQFPGKPGIYT,P04114
GTQGKIVDLVKELDRDT,P01009
QKVNMLKHCKRHTGIKDF,P57071
AERVGAGAPVYMAAVLEY,Q6FI13
GKAAYRTSPRLKDKKM,P06396
LAGRDLTDYLMKILTERGYSFT,P63261
ATPFLVVRHQLLKT,P15954
TRAAFNSGKVDIVAINDPFIDLNY,P04406
KKLTIFKTELRVRESDE,P04114
FNLDVMGALRKEGEPGSLFGFS,Q13683
DKGVFVLNKKNKLTQ,P01024
LKLRNWQWWRLFT,P35579
TALAPSTMKIKIIAPPERKYSVWI,P68032
GIKYDPSIGIYGLDF,P62913
AEKNSTIVFPLPIDMLQGIIGAKHS,P27105
RQEPSQGTTTFAVTSILRVAAED,P01876
RIVQRIKDFLRNLVPRTES,P49913
SERLKIRGSLARAALQELLSKGLI,P62851
TGATLINEQWLLTTA,P00738
LRITPFLPNWFI,Q5BJD5
VLRNLKLARKLMEQYG,P05164
GGKAAYRTSPRLKDKKMDA,P06396
WEPLVEEPPADQWKWPI,Q16718
FTRVALYVDWIRSTLR,P24158
FVKEFSHIAFLTIKGAG,P10619
ESKKEDLVFIFWAPESAPLKSK,Q9Y281
GAEALERMFLSFPTTKTYFPHF,P69905
AERVGAGAPVYL,Q93077
VLVLYDELKKVI,P12236
GGQDKIRPLWRHYFQNTQGLIF,P84085
NQFREFKLSKVWRDQ,P02786
VFIFWAPESAPLKSKM,Q9Y281
AKFTFEYSRRHPDLSIPE,P43652
EASEAYLVGLFEDTNL,Q71DI3
FGIDRDAIAQAVRGLITKA,P29401
KLPDAYERLILDV,P11413
VRFDSDVGEFRAVTE,P01911
NTPAMYVAIQAVLSLYASGRTT,Q562R1
VSEKGTVQQADE,P32969
VVYGIFYATSFLDLYRNPK,Q92673
SGVSLAALKKALAAAGYDV,P16403
SGPRTLVLLDNLNVRETHSLF,P39656
AAGGYDVEKNNSRIKLGLK,P16401
TKLPNGLVIASLENYSPVSRIGLF,P22695
FRVVPQFVVF,O14949
VDLKNTGREEFLTAFLQNYQL,Q9Y6R7
NPRSIQNNVREAVSG,Q14624
SDLHAHKLRVDPVNF,P69905
FKDSAIGF,P02788
GAVEASFKCCSGAIIVLTKSGRSA,P14618
YVEKGTQGKIVDLVKELDRDT,P01009
VNVDEVGGEALGRLLVVYPWTQRF,P68871
FRKFHYLPFLPSTE,P01903
FRDWIDGVLNNPGPG,P20160
GMEGANSIFSGFLLF,P02746
TAEEPDPKGIPEFWFTIFRNV,Q99733
DEEKEDPKGIPEFWLTVF,P55209
RGAHGIIVVY,P62820
SKRYLKYLTKKYLKKNNL,Q6P5R6
LGQRYSLLPFWYTL,Q14697
LERYIYNREEFARFDSDVGEF,P04440
FTPPVQAAYQKVVAGVANALAHKYH,P68871
IVRIPKEQGVLSFWRGNL,P12236
ASTADPLSNMVLTFSTKEDAVSF,O43181
ALFRDWIDGVLNNPGPG,P20160
RYRVFALDQKMRPST,P0C0L5
SDLHAHKLRVDPVNFKLLSHCLL,P69905
IQPDTIIQVWREDIPV,P06865
AEGLHFRIPWFQYPI,Q99623
WDLTTGTTTRRFVGHTKDV,P63244
VETLELQNLML,P31040
SGFLLFPDMEA,P02746
ITSREIQTAVRLLLPG,Q99879
GGKAAYRTSPRLKDKKM,P06396
MAHMASKE,P04406
TSEVPFSKRYLKYLTKKYLKKNNL,P35268
AAHLPAEFTPAVHASLDKFLASVST,P69905
LPSQAFEYILYNKGIMGEDT,P09668
KIIAPPERKYSVWIGGSIL,P68133
AQIPIAMSPLSNNSLF,P23109
NTDGAVNFQEFLIL,P05109
RNWQWWRLFT,P35749
KAAYRTSPRLKDKKMD,P06396
AGDDAPRAVFPSIVGRPRHQGVMV,P63261
GEIEAIELPMDPKLNKRRGFVFITF,Q99729
VYKVLKQVHPDTGISSKAMGI,Q99879
LTEAPLNPKANREKMTQIMF,P68133
NMVPFPRLHFFMPGFAPLT,Q3ZCM7
LKLRNWQWWRLFTKVKPL,P35749
FRDNGKHALIIYDDLSKQAV,P25705
AHLPAEFTPAV,P69905
VAVDKGVFVLNKKNK,P01024
FVFGFRTHFGGGKTTGF,P62847
AVGGEALGRLLVVYPWTQRF,P02042
LVVYPWTQRFF,P69892
GIMNSFVNDIFERIAGEA,P06899
FGMPWLSATTVRSVTHANALTV,P02730
TVTRQTHQPPAPNSLIRFNAVL,P02747
AKKQPWWRKLF,Q9BWH2
LTNEGIQYLRDYLHLPPEIVPA,P46783
VLYDEIKKYT,P05141
MFLYNLTLQRATGISF,Q15393
LSRTWNKLTWLTPLIPSTL,P03891
KMKWQFEHTKPTPFLPTLIALTTL,P03891
AAAGYDVEKNNSRIKLGIK,Q02539
GLLAVNQRFQDNGRALLPFDNL,P05164
GFGDLKSPAGLQVLNDY,P24534
GAKPYECAECGKA,Q99676
LAGRDLTDYLMKILTERGYSF,P62736
YSFTTTAEREIVRDI,P63261
WSVDPLDRAM,P06396
SRIKQSELSAKMREWFSETFQKVKE,P02654
NLPGAAVDLPAVSEKDIQDLKF,P14618
VGKKQLVEIEKVVLHPNY,P00739
STFQQMWISKQEYDESGPSIV,P0CG38
NDVLELLDKYLIPNAT,P31946
KGDVAFVKHQTVPQ,P02787
RSGYYKVLGKGKLPKQPV,P46776
APLPKFLVSLALRNALE,Q13790
LRVAPEEHPVL,A5A3E0
AKATFDAISKTYSYLTPDLW,P15880
GNSTAIQELFKRISEQFTAM,Q9BVA1
AIFFLPDSSKLLSG,P33908
GMSGRWVLAWYRARRAV,Q13724
TLKLDPITGRSRGFGFVLF,Q14103
PVTPPRLVAPRFLEVETSWPVD,P32942
GIIIYRAAYFGIYDT,P05141
IQHFQAMVKALEKE,Q06481
VNGILHFIDRVLLPP,Q9NY15
SGASGGKIDNSVLVLIVGLST,O95831
NWDDMEKIWHHTFYNEL,P63261
TRVSSFLPWIRTTMRS,P08311
SLVSPASYENVRAKWFPEV,P15153
LQVLQSLEAVL,P98160
STITSREIQTAVRLLLPGELA,Q99879
GREFGNLTRMRHVISY,O14949
VPFPRLHFFMPGFAPLT,A6NNZ2
LRLDLAGRDLTDYLMKILTERGY,P60709
VGKARGFFKKGDVVIVL,P14618
IMNSFVNDIFERI,P62807
VLLESEQFLTELTRL,P37108
VSLAALKKALAAAGYDV,Q02539
GKVVQVYRKKYVIY,P61254
LAIIDPGDSDIIR,P62888
ADMFTHGIQSAAHFVMF,Q8NBS9
TFIGNSTAIQELFKRISEQ,Q9BVA1
TVTRQTHQPPAPNSLIRF,P02747
VPSVYPLDRLEIELL,P19320
AIRLAAQSTLSF,P01266
GTTTFAVTSILRVAAED,P01876
VIKVPMMNSKKYPVA,P05155
REIRRYQKSTELLIRKLPFQRL,P84243
RQKAEADKNDKAVKDLVVLL,P08238
LQIWRVEKFDLVPVPT,P06396
GQAKKHPSLIPLFVF,O00483
SSGKFYGDEEKDKGLQTSQDARF,P27797
RLDLAGRDLTDYLMKILTERG,P68032
SHLEFRVNRNNLELSTP,P07225
AKDVKFGADARALMLQGVDLLADA,P10809
FIVYKIRAADKRSKAL,P56378
YSMRKMSMKIRPFFPQ,P02675
DKYTFELSRRTHLPE,P02774
GLAVHLEILNGRQ,Q6V9R5
DIREFQLPSSQISMVPNVGLKF,P17213
SDVFFKGFKWGFAA,O43676
TNPNTVIILIGNKADLEAQRDV,P61106
VHLTPEEKSAVTALWG,P68871
DIPEVVVSLAWDES,P59665
IFERIAGEASRLAHYNKRSTI,P06899
EYLTAEILEL,Q99878
AVLEYLTAEILE,P16104
ETKESKKEDLVFIF,P23528
NWQWWRLFT,P35579
HNLKERYYSGLIYTYSGLF,P35579
LVVLDLPDLPEDKLAQSV,Q9Y4L1
AILLGLAVTAMKSRP,Q9BW72
VTVNQSLLSPLVL,P05787
GENYRGNVAVTVSGHT,P00747
SITYKPVKHGRPGIGATH,P62841
GNPKVKAHGKKVLG,P02042
VDKGVFVLNKKNK,P01024
GFGDLKSPAGLQVLNDYLADKSY,P24534
DGYWVVSNRVPIPWVS,O14773
IRRDYLHYIRKY,P62280
TEAPLNPKANREKMTQI,P62736
VTLAAHLPAEFTPAVHA,P69905
AMNVGKARGFFKKGDVVIVL,P14618
FALRYLNFFT,P12004
EKWQNNLLPSRQFGFIVL,P62244
VAGFGRKGHAVGDIPGVRFKVV,P62266
IMNSFVNDIFERIAGEA,Q99879
GIMNSFVNDIFERIAG,P33778
FVILRKNPNYDL,Q13200
DLILPVPAFNV,P13929
LRLDLAGRDLTDY,P60709
KIIAPPERKYSVWIGGSILA,P63267
AIRNDEELNKLLGRVTI,P04908
ERAELATEEFLPVTPI,Q13200
IVFGEVDR,O75306
GRVETGVLKPGMVVTFAPVNVTTEV,Q5VTE0
PEPAKSAPAPK,P06899
VPFPRLHFFMPGFAPLTS,A6NNZ2
SIPIPQKLFGEVTSPLFPKPYPNNF,P00736
YKGQQIGKVVQVYRKKYVIY,Q9UNX3
KESKKEDLVFIFWAPESAPLKS,P23528
PGLARQAPKPRKQ,P81605
AIRKYIIHKYPSLELERRGYLL,Q5SSJ5
GAIFFLPDSSKLLSGVLFHSSP,P33908
GKVNVDEVGGEALGRLL,P68871
RLFPDFFTRVALY,P24158
VLEYLTAEIL,P0C0S8
SHGSQETDEEFDARW,P20674
IILYNYRHGGRQGQIIYNWQGAQST,P06396
KGGKIGLFGGAGVGKTVLIMELI,P06576
IIAPPERKYSVWIGGSIL,P63267
AVDKGVFVLNKKNKL,P01024
HGPGEQQKRKIVLDPSGSMN,P00751
GKVGAHAGEY,P69905
FKGSEMVVAGKLQDRGPDV,Q14624
AVNPGVVVRISQKGLDY,P17213
ASTADPLSNMVLTF,O43181
NKLLGRVTIAQGGVLPNIQAV,Q93077
WGKVNVDEVGGEALGRLLVVYP,P68871
TPNLAEFAFSL,P01009
ALPHAILRLDLAGRDLTDY,P63261
VNMVPFPRLHFFMPGFAPLT,P68371
VAETPDIKLFGKWSTDDVQINDI,P46782
SRTQDEEVGDGTTSVIILAGEMLSV,P49368
AERVGAGAPVYLAAVLEY,P16104
KGSEMVVAGKLQDRGPD,Q14624
YHVPRTRREILETLIKGLQRLEY,Q06210
TPNLAEFAFSLYRQLAHQ,P01009
GSYLVWKELGGFTEKAVVPLGLYT,P30536
NKNYRIDTINLFPA,P00450
VAGVANALAHKYH,P02042
AVGAPLLLGAGAIYL,O94826
SGIAEFWINGTPLVKK,P02743
GGRESRPHSRPYMAY,P08311
GRWVLAWYRARRAV,Q13724
LIVLYFKLRSKKTPAVK,Q96IX5
MGFIVYKIRAADKRSKAL,P56378
IKADHVSTYAAF,P20036
GKLKFIIPSPKRPVK,P04114
DESGPSIVHRKCF,P63261
IILFPPLLIPT,P00846
GGRIFLQDIKKPD,P02794
LANRQPDFISF,P98160
LAEFAFSLYRQLAH,P01009
VIIPKNWSLFA,O95563
DAISKTYSYLTPDLW,P15880
AQLGHESFY,P98160
VLLTMIARVADGLPLAA,O75396
IEKISMLEKIYIHPR,P00734
ATLINEQWLLTTAKN,P00739
VYPWTQRFF,P69892
ALVNPQRNSRLTGEF,P98160
ILRLDLAGRDLTDY,P63261
LHVDPENFRLLGNVL,P02042
LGGKAAYRTSPRLKD,P06396
SEPGTWKISARFSDGLE,P0C0L5
VEKGDVAFVKHQTVPQN,P02787
RGAHGIIVVYDV,Q9H0U4
DDFASFRVDRIERVA,P04196
LIQHFQAMVKALEKEAA,Q06481
TNGVIHYIDELLIPD,Q15582
VVLGAHNVRTQEPTQQHFSVA,P24158
FVEWIPNNVKTAV,P04350
HNHNFRLNEREVVK,P05546
IQELFKRISEQFTAM,Q13509
RVTPTRTEIIILATRTQNV,P23396
RLLLPGELAKHAVSEGTKAVTKY,P06899
TGWRPGSGFTNTMRVVPVP,P14618
LNNYDAENKLNDV,P24158
SYSLIRKYVSQYYPKLRVDIRPQLL,Q5SSJ5
LVEKGDVAFVKHQTVPQ,P02787
FAKLVRPPVQVYGIEGRYATAL,P48047
DLAGRDLTDYLMKILTERGYSFT,P63261
NGGFMTTAFQYIIDN,P25774
YWVGEDSTYKFFEVIL,P61313
RRLWRFDVKAQMVDPR,P14780
VPFPRLHFFMP,Q13885
INEQWLLTTAKN,P00738
RLLLPGELAKHAVSEGTKAVT,P58876
WDTAGQEDYDRLRPLSYPQTDVFL,P63000
RQSTQTLYVNVAPRDTT,P19320
LRFDSDVGEYRAVTEL,Q30154
INEQWLLTTAKNL,P00739
IPIWLYWRIWH,Q9UNL2
GLGAYQLSQDPRNVWVF,Q9P0S9
VAIQAVLSLYASGRTT,P60709
WSNVLRGMGGAFVL,P05141
GKDVNSSSPVMLAFKSFQQEL,Q99598
FVKLIHIPINNIIVGG,P60059
DDHDPVDKI,P22626
AEKNSTIVFPLPIDMLQGIIGAKH,P27105
IDVIGVTKGKGYKGV,P39023
IKADHVSTY,P20036
FATPFLVVRHQLLKT,P15954
IEGNLIFDPNNYL,P04114
VTLDGGFIYEAGLAPYKLRPVAA,P02788
VNMVPFPRLHFFMPGFAPL,Q9BUF5
ILIIGNSSVGKTSFLFRYA,P20336
SMGEYFRDNGKHALIIYDDLSKQAV,P25705
RVVLEGGIDPILRGLMAT,P05164
YDATYETKESKKEDLVF,P23528
AFSPHTKPWIGLAEALGTL,O43175
IKADHVSTYAAFVQTHRPTGEFM,P20036
ARKLIGDPNLEFVAMPALAPPEVV,P62826
GRLLVVYPWTQRFFES,P02042
LQLVEPFGVISNHLILNKINEAF,P43243
LRVAPEEHPV,P63261
AESHLSLLYHLTAVSSPAPGTPAF,P55899
VERRWHVARKPLDVYKKPS,Q13822
AVNMVPFPRLHFFMPGFAPL,Q13885
KESKKEDLVFIF,P23528
VIEPQGLRFLHVPDTFEGHFDGVPV,P19823
GEALGRLLVVYPWTQRF,P68871
KGAWSNVLRGMGGAFVL,P12236
KDSLSFEDFLDL,Q99828
VESLVSQYFQTVTDYG,P02652
VNVVPTFGKKKGPNANS,P62861
